﻿dbo,FactQHourlycNumQCI,FactQHourlycNumQCIKey,bigint,19,0
dbo,FactQHourlycNumQCI,DimDateKey,int,10,0
dbo,FactQHourlycNumQCI,DimQHourKey,int,10,0
dbo,FactQHourlycNumQCI,DimcNumKey,int,10,0
dbo,FactQHourlycNumQCI,DimQCIKey,int,10,0
dbo,FactQHourlycNumQCI,ETLJobKey,bigint,19,0
dbo,FactQHourlycNumQCI,insertDate,datetime,NULL,NULL
dbo,FactQHourlycNumQCI,Active_UEs-UEActiveDl,decimal,12,4
dbo,FactQHourlycNumQCI,FactQHourlycNumQCI.Active_UEs-UEActiveDlTot_Old,decimal,12,4
dbo,FactQHourlycNumQCI,Active_UEs-UEActiveDlCnt,int,10,0
dbo,FactQHourlycNumQCI,Active_UEs-UEActiveUl,decimal,12,4
dbo,FactQHourlycNumQCI,Active_UEs-UEActiveUlTot_Old,decimal,12,4
dbo,FactQHourlycNumQCI,Active_UEs-UEActiveUlCnt,int,10,0
dbo,FactQHourlycNumQCI,Air_RLC_UL_DL_bytes-AirRlcByteUl,int,10,0
dbo,FactQHourlycNumQCI,Air_RLC_UL_DL_bytes-AirRlcByteDl,int,10,0
dbo,FactQHourlycNumQCI,Air_RLC_UL_DL_bytes-AirRlcByteDlRe,int,10,0
dbo,FactQHourlycNumQCI,Air_RLC_UL_DL_bytes-AirUlThru,decimal,12,4
dbo,FactQHourlycNumQCI,Air_RLC_UL_DL_bytes-AirUlThruTot,decimal,18,4
dbo,FactQHourlycNumQCI,Air_RLC_UL_DL_bytes-AirUlThruCnt,int,10,0
dbo,FactQHourlycNumQCI,Air_RLC_UL_DL_bytes-AirDlThru,decimal,12,4
dbo,FactQHourlycNumQCI,Air_RLC_UL_DL_bytes-AirDlThruTot,decimal,18,4
dbo,FactQHourlycNumQCI,Air_RLC_UL_DL_bytes-AirDlThruCnt,int,10,0
dbo,FactQHourlycNumQCI,Air_RLC_UL_DL_bytes-IpThru,decimal,12,4
dbo,FactQHourlycNumQCI,Air_RLC_UL_DL_bytes-IpThruTot,decimal,18,4
dbo,FactQHourlycNumQCI,Air_RLC_UL_DL_bytes-IpThruCnt,int,10,0
dbo,FactQHourlycNumQCI,Air_RLC_UL_DL_bytes-RlcAirByteUlCurrent,int,10,0
dbo,FactQHourlycNumQCI,Air_RLC_UL_DL_bytes-RlcAirByteDlCurrent,int,10,0
dbo,FactQHourlycNumQCI,Air_RLC_UL_DL_bytes-RlcAirByteUlCnt,int,10,0
dbo,FactQHourlycNumQCI,Air_RLC_UL_DL_bytes-RlcAirByteDlCnt,int,10,0
dbo,FactQHourlycNumQCI,Connection_Drop_Rate-ConnDropRate,decimal,12,4
dbo,FactQHourlycNumQCI,Connection_Drop_Rate-CdrSumEstabInitSuccNbr,int,10,0
dbo,FactQHourlycNumQCI,Connection_Drop_Rate-CdrEstabAddSuccNbr,int,10,0
dbo,FactQHourlycNumQCI,Connection_Drop_Rate-CdrRelActive,int,10,0
dbo,FactQHourlycNumQCI,CQI_Distribution-CqiBin1,int,10,0
dbo,FactQHourlycNumQCI,CQI_Distribution-CqiBin2,int,10,0
dbo,FactQHourlycNumQCI,CQI_Distribution-CqiBin3,int,10,0
dbo,FactQHourlycNumQCI,CQI_Distribution-CqiBin4,int,10,0
dbo,FactQHourlycNumQCI,CQI_Distribution-CqiBin5,int,10,0
dbo,FactQHourlycNumQCI,CQI_Distribution-CqiBin6,int,10,0
dbo,FactQHourlycNumQCI,CQI_Distribution-CqiBin7,int,10,0
dbo,FactQHourlycNumQCI,CQI_Distribution-CqiBin8,int,10,0
dbo,FactQHourlycNumQCI,CQI_Distribution-CqiBin9,int,10,0
dbo,FactQHourlycNumQCI,CQI_Distribution-CqiBin10,int,10,0
dbo,FactQHourlycNumQCI,CQI_Distribution-CqiBin11,int,10,0
dbo,FactQHourlycNumQCI,CQI_Distribution-CqiBin12,int,10,0
dbo,FactQHourlycNumQCI,CQI_Distribution-CqiBin13,int,10,0
dbo,FactQHourlycNumQCI,CQI_Distribution-CqiBin14,int,10,0
dbo,FactQHourlycNumQCI,CQI_Distribution-CqiBin15,int,10,0
dbo,FactQHourlycNumQCI,CQI_Distribution-CqiBin16,int,10,0
dbo,FactQHourlycNumQCI,Delay_Distribution-RlcDlDelayBin1,int,10,0
dbo,FactQHourlycNumQCI,Delay_Distribution-RlcDlDelayBin2,int,10,0
dbo,FactQHourlycNumQCI,Delay_Distribution-RlcDlDelayBin3,int,10,0
dbo,FactQHourlycNumQCI,Delay_Distribution-RlcDlDelayBin4,int,10,0
dbo,FactQHourlycNumQCI,Delay_Distribution-RlcDlDelayBin5,int,10,0
dbo,FactQHourlycNumQCI,Delay_Distribution-RlcDlDelayBin6,int,10,0
dbo,FactQHourlycNumQCI,Delay_Distribution-RlcDlDelayBin7,int,10,0
dbo,FactQHourlycNumQCI,Delay_Distribution-RlcDlDelayBin8,int,10,0
dbo,FactQHourlycNumQCI,Delay_Distribution-RlcDlDelayBin9,int,10,0
dbo,FactQHourlycNumQCI,Delay_Distribution-RlcDlDelayBin10,int,10,0
dbo,FactQHourlycNumQCI,Delay_Distribution-RlcDlDelayBin11,int,10,0
dbo,FactQHourlycNumQCI,Delay_Distribution-RlcDlDelayBin12,int,10,0
dbo,FactQHourlycNumQCI,Delay_Distribution-RlcDlDelayBin13,int,10,0
dbo,FactQHourlycNumQCI,Delay_Distribution-RlcDlDelayBin14,int,10,0
dbo,FactQHourlycNumQCI,Delay_Distribution-RlcDlDelayBin15,int,10,0
dbo,FactQHourlycNumQCI,Delay_Distribution-RlcDlDelayBin16,int,10,0
dbo,FactQHourlycNumQCI,Delay_Distribution-RlcDlDelayBin17,int,10,0
dbo,FactQHourlycNumQCI,Delay_Distribution-RlcDlDelayBin18,int,10,0
dbo,FactQHourlycNumQCI,Delay_Distribution-RlcDlDelayBin19,int,10,0
dbo,FactQHourlycNumQCI,Delay_Distribution-RlcDlDelayBin20,int,10,0
dbo,FactQHourlycNumQCI,Delay_Distribution-RlcDlDelayBin21,int,10,0
dbo,FactQHourlycNumQCI,Delay_Distribution-RlcDlDelayBin22,int,10,0
dbo,FactQHourlycNumQCI,Delay_Distribution-RlcDlDelayBin23,int,10,0
dbo,FactQHourlycNumQCI,Delay_Distribution-RlcDlDelayBin24,int,10,0
dbo,FactQHourlycNumQCI,Delay_Distribution-RlcDlDelayBin25,int,10,0
dbo,FactQHourlycNumQCI,Delay_Distribution-RlcDlDelayBin26,int,10,0
dbo,FactQHourlycNumQCI,Delay_Distribution-RlcDlDelayBin27,int,10,0
dbo,FactQHourlycNumQCI,Delay_Distribution-RlcDlDelayBin28,int,10,0
dbo,FactQHourlycNumQCI,Delay_Distribution-RlcDlDelayBin29,int,10,0
dbo,FactQHourlycNumQCI,Delay_Distribution-RlcDlDelayBin30,int,10,0
dbo,FactQHourlycNumQCI,Delay_Distribution-RlcDlDelayBin31,int,10,0
dbo,FactQHourlycNumQCI,Delay_Distribution-RlcDlDelayBin32,int,10,0
dbo,FactQHourlycNumQCI,Delay_Distribution-RlcDlDelayBin33,int,10,0
dbo,FactQHourlycNumQCI,Delay_Distribution-RlcDlDelayBin34,int,10,0
dbo,FactQHourlycNumQCI,Delay_Distribution-RlcDlDelayBin35,int,10,0
dbo,FactQHourlycNumQCI,Delay_Distribution-RlcDlDelayBin36,int,10,0
dbo,FactQHourlycNumQCI,Delay_Distribution-RlcDlDelayBin37,int,10,0
dbo,FactQHourlycNumQCI,Delay_Distribution-RlcDlDelayBin38,int,10,0
dbo,FactQHourlycNumQCI,Delay_Distribution-RlcDlDelayBin39,int,10,0
dbo,FactQHourlycNumQCI,Delay_Distribution-RlcDlDelayBin40,int,10,0
dbo,FactQHourlycNumQCI,Delay_Distribution-RlcDlDelayBin41,int,10,0
dbo,FactQHourlycNumQCI,Delay_Distribution-RlcDlDelayBin42,int,10,0
dbo,FactQHourlycNumQCI,Delay_Distribution-RlcDlDelayBin43,int,10,0
dbo,FactQHourlycNumQCI,Delay_Distribution-RlcDlDelayBin44,int,10,0
dbo,FactQHourlycNumQCI,Delay_Distribution-RlcDlDelayBin45,int,10,0
dbo,FactQHourlycNumQCI,Delay_Distribution-RlcDlDelayBin46,int,10,0
dbo,FactQHourlycNumQCI,Delay_Distribution-RlcDlDelayBin47,int,10,0
dbo,FactQHourlycNumQCI,Delay_Distribution-RlcDlDelayBin48,int,10,0
dbo,FactQHourlycNumQCI,Delay_Distribution-RlcDlDelayBin49,int,10,0
dbo,FactQHourlycNumQCI,Delay_Distribution-RlcDlDelayBin50,int,10,0
dbo,FactQHourlycNumQCI,Delay_Distribution-RlcDlDelayBin51,int,10,0
dbo,FactQHourlycNumQCI,Delay_Distribution-RlcDlDelayBin52,int,10,0
dbo,FactQHourlycNumQCI,Delay_Distribution-RlcDlDelayBin53,int,10,0
dbo,FactQHourlycNumQCI,Delay_Distribution-RlcDlDelayBin54,int,10,0
dbo,FactQHourlycNumQCI,Delay_Distribution-RlcDlDelayBin55,int,10,0
dbo,FactQHourlycNumQCI,Delay_Distribution-RlcDlDelayBin56,int,10,0
dbo,FactQHourlycNumQCI,Delay_Distribution-RlcDlDelayBin57,int,10,0
dbo,FactQHourlycNumQCI,Delay_Distribution-RlcDlDelayBin58,int,10,0
dbo,FactQHourlycNumQCI,Delay_Distribution-RlcDlDelayBin59,int,10,0
dbo,FactQHourlycNumQCI,Delay_Distribution-RlcDlDelayBin60,int,10,0
dbo,FactQHourlycNumQCI,Delay_Distribution-RlcDlDelayBin61,int,10,0
dbo,FactQHourlycNumQCI,Delay_Distribution-RlcDlDelayBin62,int,10,0
dbo,FactQHourlycNumQCI,Delay_Distribution-RlcDlDelayBin63,int,10,0
dbo,FactQHourlycNumQCI,Delay_Distribution-RlcDlDelayBin64,int,10,0
dbo,FactQHourlycNumQCI,Delay_Distribution-RlcDlDelayBin65,int,10,0
dbo,FactQHourlycNumQCI,Delay_Distribution-RlcDlDelayBin66,int,10,0
dbo,FactQHourlycNumQCI,Delay_Distribution-RlcDlDelayBin67,int,10,0
dbo,FactQHourlycNumQCI,Delay_Distribution-RlcDlDelayBin68,int,10,0
dbo,FactQHourlycNumQCI,Delay_Distribution-RlcDlDelayBin69,int,10,0
dbo,FactQHourlycNumQCI,Delay_Distribution-RlcDlDelayBin70,int,10,0
dbo,FactQHourlycNumQCI,Delay_Distribution-RlcDlDelayBin71,int,10,0
dbo,FactQHourlycNumQCI,DL_UL_PRB_Usage-PrbDl,decimal,12,4
dbo,FactQHourlycNumQCI,DL_UL_PRB_Usage-PrbDlTot,decimal,12,4
dbo,FactQHourlycNumQCI,DL_UL_PRB_Usage-PrbDlCnt,int,10,0
dbo,FactQHourlycNumQCI,DL_UL_PRB_Usage-PrbUl,decimal,12,4
dbo,FactQHourlycNumQCI,DL_UL_PRB_Usage-PrbUlTot,decimal,12,4
dbo,FactQHourlycNumQCI,DL_UL_PRB_Usage-PrbUlCnt,int,10,0
dbo,FactQHourlycNumQCI,DL_UL_PRB_Usage-PrbDlCurrent,decimal,12,4
dbo,FactQHourlycNumQCI,DL_UL_PRB_Usage-PrbUlCurrent,decimal,12,4
dbo,FactQHourlycNumQCI,Drop_Distribution-PdcpSduDropRateDlBin1,int,10,0
dbo,FactQHourlycNumQCI,Drop_Distribution-PdcpSduDropRateDlBin2,int,10,0
dbo,FactQHourlycNumQCI,Drop_Distribution-PdcpSduDropRateDlBin3,int,10,0
dbo,FactQHourlycNumQCI,Drop_Distribution-PdcpSduDropRateDlBin4,int,10,0
dbo,FactQHourlycNumQCI,Drop_Distribution-PdcpSduDropRateDlBin5,int,10,0
dbo,FactQHourlycNumQCI,Drop_Distribution-PdcpSduDropRateDlBin6,int,10,0
dbo,FactQHourlycNumQCI,Drop_Distribution-PdcpSduDropRateDlBin7,int,10,0
dbo,FactQHourlycNumQCI,Drop_Distribution-PdcpSduDropRateDlBin8,int,10,0
dbo,FactQHourlycNumQCI,Drop_Distribution-RlcsduDropRateDlBin1,int,10,0
dbo,FactQHourlycNumQCI,Drop_Distribution-RlcsduDropRateDlBin2,int,10,0
dbo,FactQHourlycNumQCI,Drop_Distribution-RlcsduDropRateDlBin3,int,10,0
dbo,FactQHourlycNumQCI,Drop_Distribution-RlcsduDropRateDlBin4,int,10,0
dbo,FactQHourlycNumQCI,Drop_Distribution-RlcsduDropRateDlBin5,int,10,0
dbo,FactQHourlycNumQCI,Drop_Distribution-RlcsduDropRateDlBin6,int,10,0
dbo,FactQHourlycNumQCI,Drop_Distribution-RlcsduDropRateDlBin7,int,10,0
dbo,FactQHourlycNumQCI,Drop_Distribution-RlcsduDropRateDlBin8,int,10,0
dbo,FactQHourlycNumQCI,Drop_Distribution-PdcpSduLossRateUlBin1,int,10,0
dbo,FactQHourlycNumQCI,Drop_Distribution-PdcpSduLossRateUlBin2,int,10,0
dbo,FactQHourlycNumQCI,Drop_Distribution-PdcpSduLossRateUlBin3,int,10,0
dbo,FactQHourlycNumQCI,Drop_Distribution-PdcpSduLossRateUlBin4,int,10,0
dbo,FactQHourlycNumQCI,Drop_Distribution-PdcpSduLossRateUlBin5,int,10,0
dbo,FactQHourlycNumQCI,Drop_Distribution-PdcpSduLossRateUlBin6,int,10,0
dbo,FactQHourlycNumQCI,Drop_Distribution-PdcpSduLossRateUlBin7,int,10,0
dbo,FactQHourlycNumQCI,Drop_Distribution-PdcpSduLossRateUlBin8,int,10,0
dbo,FactQHourlycNumQCI,E_RAB_activity_QCI-SessionTimeQCI,decimal,12,4
dbo,FactQHourlycNumQCI,E_RAB_activity_QCI-SessionTimeQCITot,decimal,16,4
dbo,FactQHourlycNumQCI,E_RAB_activity_QCI-SessionTimeQCICnt,int,10,0
dbo,FactQHourlycNumQCI,E_RAB_Erase-EraseAtt,int,10,0
dbo,FactQHourlycNumQCI,E_RAB_Erase-EraseSucc,int,10,0
dbo,FactQHourlycNumQCI,E_RAB_Modify-ModQoSAttNbr,int,10,0
dbo,FactQHourlycNumQCI,E_RAB_Modify-ModQoSSuccNbr,int,10,0
dbo,FactQHourlycNumQCI,E_RAB_Modify-ModQoSFailNbr_CP_CC_TO,int,10,0
dbo,FactQHourlycNumQCI,E_RAB_Modify-ModQoSFailNbr_CP_CC_FAIL,int,10,0
dbo,FactQHourlycNumQCI,E_RAB_Modify-ModQoSFailNbr_UP_GTP_FAIL,int,10,0
dbo,FactQHourlycNumQCI,E_RAB_Modify-ModQoSFailNbr_UP_MAC_FAIL,int,10,0
dbo,FactQHourlycNumQCI,E_RAB_Modify-ModQoSFailNbr_UP_PDCP_FAIL,int,10,0
dbo,FactQHourlycNumQCI,E_RAB_Modify-ModQoSFailNbr_UP_RLC_FAIL,int,10,0
dbo,FactQHourlycNumQCI,E_RAB_Modify-ModQoSFailNbr_RRC_SIG_FAIL,int,10,0
dbo,FactQHourlycNumQCI,E_RAB_Modify-ModQoSFailNbr_RRC_SIG_TO,int,10,0
dbo,FactQHourlycNumQCI,E_RAB_Modify-ModQoSFailNbr_CP_BH_CAC_FAIL,int,10,0
dbo,FactQHourlycNumQCI,E_RAB_Modify-ModQoSFailNbr_CP_CAPA_CAC_FAIL,int,10,0
dbo,FactQHourlycNumQCI,E_RAB_Modify-ModQoSFailNbr_CP_QOS_CAC_FAIL,int,10,0
dbo,FactQHourlycNumQCI,E_RAB_Modify-ModQoSFailNbr_S1AP_CU_FAIL,int,10,0
dbo,FactQHourlycNumQCI,E_RAB_Modify-ModQoSFailNbr_S1AP_LINK_FAIL,int,10,0
dbo,FactQHourlycNumQCI,E_RAB_Modify-ModQoSFailNbr_S1AP_SIG_FAIL,int,10,0
dbo,FactQHourlycNumQCI,E_RAB_Release-RelAttNbr,int,10,0
dbo,FactQHourlycNumQCI,E_RAB_Release-RelSuccNbr,int,10,0
dbo,FactQHourlycNumQCI,E_RAB_Release-RelFailNbr_CP_CC_FAIL,int,10,0
dbo,FactQHourlycNumQCI,E_RAB_Release-RelFailNbr_S1AP_SIG_FAIL,int,10,0
dbo,FactQHourlycNumQCI,E_RAB_Release-RelFailNbr_S1AP_CU_FAIL,int,10,0
dbo,FactQHourlycNumQCI,E_RAB_Release-RelActive,int,10,0
dbo,FactQHourlycNumQCI,E_RAB_Setup_Add-EstabAddAttNbr,int,10,0
dbo,FactQHourlycNumQCI,E_RAB_Setup_Add-EstabAddSuccNbr,int,10,0
dbo,FactQHourlycNumQCI,E_RAB_Setup_Add-ErabAddFailNbr_CP_CC_TO,int,10,0
dbo,FactQHourlycNumQCI,E_RAB_Setup_Add-ErabAddFailNbr_CP_CC_FAIL,int,10,0
dbo,FactQHourlycNumQCI,E_RAB_Setup_Add-ErabAddFailNbr_UP_GTP_FAIL,int,10,0
dbo,FactQHourlycNumQCI,E_RAB_Setup_Add-ErabAddFailNbr_UP_MAC_FAIL,int,10,0
dbo,FactQHourlycNumQCI,E_RAB_Setup_Add-ErabAddFailNbr_UP_PDCP_FAIL,int,10,0
dbo,FactQHourlycNumQCI,E_RAB_Setup_Add-ErabAddFailNbr_UP_RLC_FAIL,int,10,0
dbo,FactQHourlycNumQCI,E_RAB_Setup_Add-ErabAddFailNbr_RRC_SIG_FAIL,int,10,0
dbo,FactQHourlycNumQCI,E_RAB_Setup_Add-ErabAddFailNbr_RRC_SIG_TO,int,10,0
dbo,FactQHourlycNumQCI,E_RAB_Setup_Add-ErabAddFailNbr_CP_BH_CAC_FAIL,int,10,0
dbo,FactQHourlycNumQCI,E_RAB_Setup_Add-ErabAddFailNbr_CP_CAPA_CAC_FAIL,int,10,0
dbo,FactQHourlycNumQCI,E_RAB_Setup_Add-ErabAddFailNbr_CP_QOS_CAC_FAIL,int,10,0
dbo,FactQHourlycNumQCI,E_RAB_Setup_Add-ErabAddFailNbr_S1AP_CU_FAIL,int,10,0
dbo,FactQHourlycNumQCI,E_RAB_Setup_Add-ErabAddFailNbr_S1AP_LINK_FAIL,int,10,0
dbo,FactQHourlycNumQCI,E_RAB_Setup_Add-ErabAddFailNbr_S1AP_SIG_FAIL,int,10,0
dbo,FactQHourlycNumQCI,E_RAB_setup_time-EstabTime_Old,int,10,0
dbo,FactQHourlycNumQCI,E_RAB_setup_time-EstabTimeMax,int,10,0
dbo,FactQHourlycNumQCI,E_RAB_setup_time-EstabTimeTot,int,10,0
dbo,FactQHourlycNumQCI,E_RAB_setup_time-EstabTimeCnt,int,10,0
dbo,FactQHourlycNumQCI,E_RAB_Simultaneous_Number-UsageNbr,decimal,12,4
dbo,FactQHourlycNumQCI,E_RAB_Simultaneous_Number-UsageNbrMax,decimal,12,4
dbo,FactQHourlycNumQCI,E_RAB_Simultaneous_Number-UsageNbrTot,decimal,12,4
dbo,FactQHourlycNumQCI,E_RAB_Simultaneous_Number-UsageNbrCnt,int,10,0
dbo,FactQHourlycNumQCI,eNB_E_RAB_Erase_Request-EraseAttbyEnb_CP_CC_TO,int,10,0
dbo,FactQHourlycNumQCI,eNB_E_RAB_Erase_Request-EraseAttbyEnb_CP_CC_FAIL,int,10,0
dbo,FactQHourlycNumQCI,eNB_E_RAB_Erase_Request-EraseAttbyEnb_UP_GTP_FAIL,int,10,0
dbo,FactQHourlycNumQCI,eNB_E_RAB_Erase_Request-EraseAttbyEnb_UP_MAC_FAIL,int,10,0
dbo,FactQHourlycNumQCI,eNB_E_RAB_Erase_Request-EraseAttbyEnb_UP_MAC_UE_INACT,int,10,0
dbo,FactQHourlycNumQCI,eNB_E_RAB_Erase_Request-EraseAttbyEnb_UP_PDCP_FAIL,int,10,0
dbo,FactQHourlycNumQCI,eNB_E_RAB_Erase_Request-EraseAttbyEnb_UP_RLC_FAIL,int,10,0
dbo,FactQHourlycNumQCI,eNB_E_RAB_Erase_Request-EraseAttbyEnb_RRC_HC_TO,int,10,0
dbo,FactQHourlycNumQCI,eNB_E_RAB_Erase_Request-EraseAttbyEnb_RRC_SIG_FAIL,int,10,0
dbo,FactQHourlycNumQCI,eNB_E_RAB_Erase_Request-EraseAttbyEnb_RRC_SIG_TO,int,10,0
dbo,FactQHourlycNumQCI,eNB_E_RAB_Erase_Request-EraseAttbyEnb_S1AP_CU_FAIL,int,10,0
dbo,FactQHourlycNumQCI,eNB_E_RAB_Erase_Request-EraseAttbyEnb_S1AP_RO_TO,int,10,0
dbo,FactQHourlycNumQCI,eNB_E_RAB_Erase_Request-EraseAttbyEnb_S1AP_SIG_TO,int,10,0
dbo,FactQHourlycNumQCI,eNB_E_RAB_Erase_Request-EraseAttbyEnb_X2AP_RO_TO,int,10,0
dbo,FactQHourlycNumQCI,eNB_E_RAB_Release_Request-RelAttbyEnbNbr_CP_CC_TO,int,10,0
dbo,FactQHourlycNumQCI,eNB_E_RAB_Release_Request-RelAttbyEnbNbr_S1AP_CU_FAIL,int,10,0
dbo,FactQHourlycNumQCI,INTEGRITY-EutranIpThroughput,decimal,18,4
dbo,FactQHourlycNumQCI,INTEGRITY-EutranIpLatency,decimal,12,4
dbo,FactQHourlycNumQCI,IP_Latency_measurements-IpLateDl,decimal,12,4
dbo,FactQHourlycNumQCI,IP_Latency_measurements-IpLateDlTot,decimal,12,4
dbo,FactQHourlycNumQCI,IP_Latency_measurements-IpLateDlCnt,int,10,0
dbo,FactQHourlycNumQCI,Packet_Delay-PdcpSduDelay,decimal,12,4
dbo,FactQHourlycNumQCI,Packet_Delay-PdcpSduDelayTot,decimal,12,4
dbo,FactQHourlycNumQCI,Packet_Delay-PdcpSduDelayCnt,int,10,0
dbo,FactQHourlycNumQCI,Packet_Drop_Rate-PdcpSduDropRateDl,decimal,12,4
dbo,FactQHourlycNumQCI,Packet_Drop_Rate-PdcpSduDropRateDlTot,decimal,12,4
dbo,FactQHourlycNumQCI,Packet_Drop_Rate-PdcpSduDropRateDlCnt,int,10,0
dbo,FactQHourlycNumQCI,Packet_Drop_Rate-PdcpPduDropRateDl,decimal,12,4
dbo,FactQHourlycNumQCI,FactQHourlycNumQCI.Packet_Drop_Rate-PdcpPduDropRateDlTot_Old,decimal,12,4
dbo,FactQHourlycNumQCI,Packet_Drop_Rate-PdcpPduDropRateDlCnt,int,10,0
dbo,FactQHourlycNumQCI,Packet_loss_rate_ppm-PdcpSduLossRateUl,decimal,12,4
dbo,FactQHourlycNumQCI,Packet_loss_rate_ppm-PdcpSduLossRateUlTot,decimal,12,4
dbo,FactQHourlycNumQCI,Packet_loss_rate_ppm-PdcpSduLossRateUlCnt,int,10,0
dbo,FactQHourlycNumQCI,Packet_loss_rate_ppm-PdcpSduAirIntf,decimal,12,4
dbo,FactQHourlycNumQCI,Packet_loss_rate_ppm-PdcpSduAirIntfTot,decimal,18,4
dbo,FactQHourlycNumQCI,Packet_loss_rate_ppm-PdcpSduAirIntfCnt,int,10,0
dbo,FactQHourlycNumQCI,S_GW_UL_DL_packets-ByteUleNBQCI,int,10,0
dbo,FactQHourlycNumQCI,S_GW_UL_DL_packets-ThruUleNBQCI,decimal,12,4
dbo,FactQHourlycNumQCI,S_GW_UL_DL_packets-ThruUleNBQCIMax,decimal,12,4
dbo,FactQHourlycNumQCI,S_GW_UL_DL_packets-ThruUleNBQCITot,decimal,12,4
dbo,FactQHourlycNumQCI,S_GW_UL_DL_packets-ThruUleNBQCICnt,int,10,0
dbo,FactQHourlycNumQCI,S_GW_UL_DL_packets-PacketCntUl,int,10,0
dbo,FactQHourlycNumQCI,S_GW_UL_DL_packets-ByteDleNBQCI,int,10,0
dbo,FactQHourlycNumQCI,S_GW_UL_DL_packets-ThruDleNBQCI,decimal,12,4
dbo,FactQHourlycNumQCI,S_GW_UL_DL_packets-ThruDleNBQCIMax,decimal,12,4
dbo,FactQHourlycNumQCI,S_GW_UL_DL_packets-ThruDleNBQCITot,decimal,12,4
dbo,FactQHourlycNumQCI,S_GW_UL_DL_packets-ThruDleNBQCICnt,int,10,0
dbo,FactQHourlycNumQCI,S_GW_UL_DL_packets-PacketCntDl,int,10,0
dbo,FactQHourlycNumQCI,S_GW_UL_DL_packets-ByteUleNBQCICnt,int,10,0
dbo,FactQHourlycNumQCI,S_GW_UL_DL_packets-ByteDleNBQCICnt,int,10,0
dbo,FactQHourlycNumQCI,Throughput_Distribution-UlThruBin1,int,10,0
dbo,FactQHourlycNumQCI,Throughput_Distribution-UlThruBin2,int,10,0
dbo,FactQHourlycNumQCI,Throughput_Distribution-UlThruBin3,int,10,0
dbo,FactQHourlycNumQCI,Throughput_Distribution-UlThruBin4,int,10,0
dbo,FactQHourlycNumQCI,Throughput_Distribution-UlThruBin5,int,10,0
dbo,FactQHourlycNumQCI,Throughput_Distribution-UlThruBin6,int,10,0
dbo,FactQHourlycNumQCI,Throughput_Distribution-UlThruBin7,int,10,0
dbo,FactQHourlycNumQCI,Throughput_Distribution-UlThruBin8,int,10,0
dbo,FactQHourlycNumQCI,Throughput_Distribution-UlThruBin9,int,10,0
dbo,FactQHourlycNumQCI,Throughput_Distribution-UlThruBin10,int,10,0
dbo,FactQHourlycNumQCI,Throughput_Distribution-UlThruBin11,int,10,0
dbo,FactQHourlycNumQCI,Throughput_Distribution-UlThruBin12,int,10,0
dbo,FactQHourlycNumQCI,Throughput_Distribution-UlThruBin13,int,10,0
dbo,FactQHourlycNumQCI,Throughput_Distribution-UlThruBin14,int,10,0
dbo,FactQHourlycNumQCI,Throughput_Distribution-UlThruBin15,int,10,0
dbo,FactQHourlycNumQCI,Throughput_Distribution-UlThruBin16,int,10,0
dbo,FactQHourlycNumQCI,Throughput_Distribution-UlThruBin17,int,10,0
dbo,FactQHourlycNumQCI,Throughput_Distribution-UlThruBin18,int,10,0
dbo,FactQHourlycNumQCI,Throughput_Distribution-UlThruBin19,int,10,0
dbo,FactQHourlycNumQCI,Throughput_Distribution-UlThruBin20,int,10,0
dbo,FactQHourlycNumQCI,Throughput_Distribution-UlThruBin21,int,10,0
dbo,FactQHourlycNumQCI,Throughput_Distribution-UlThruBin22,int,10,0
dbo,FactQHourlycNumQCI,Throughput_Distribution-UlThruBin23,int,10,0
dbo,FactQHourlycNumQCI,Throughput_Distribution-UlThruBin24,int,10,0
dbo,FactQHourlycNumQCI,Throughput_Distribution-UlThruBin25,int,10,0
dbo,FactQHourlycNumQCI,Throughput_Distribution-UlThruBin26,int,10,0
dbo,FactQHourlycNumQCI,Throughput_Distribution-UlThruBin27,int,10,0
dbo,FactQHourlycNumQCI,Throughput_Distribution-UlThruBin28,int,10,0
dbo,FactQHourlycNumQCI,Throughput_Distribution-UlThruBin29,int,10,0
dbo,FactQHourlycNumQCI,Throughput_Distribution-UlThruBin30,int,10,0
dbo,FactQHourlycNumQCI,Throughput_Distribution-UlThruBin31,int,10,0
dbo,FactQHourlycNumQCI,Throughput_Distribution-UlThruBin32,int,10,0
dbo,FactQHourlycNumQCI,Throughput_Distribution-UlThruBin33,int,10,0
dbo,FactQHourlycNumQCI,Throughput_Distribution-UlThruBin34,int,10,0
dbo,FactQHourlycNumQCI,Throughput_Distribution-UlThruBin35,int,10,0
dbo,FactQHourlycNumQCI,Throughput_Distribution-UlThruBin36,int,10,0
dbo,FactQHourlycNumQCI,Throughput_Distribution-UlThruBin37,int,10,0
dbo,FactQHourlycNumQCI,Throughput_Distribution-UlThruBin38,int,10,0
dbo,FactQHourlycNumQCI,Throughput_Distribution-UlThruBin39,int,10,0
dbo,FactQHourlycNumQCI,Throughput_Distribution-UlThruBin40,int,10,0
dbo,FactQHourlycNumQCI,Throughput_Distribution-UlThruBin41,int,10,0
dbo,FactQHourlycNumQCI,Throughput_Distribution-UlThruBin42,int,10,0
dbo,FactQHourlycNumQCI,Throughput_Distribution-UlThruBin43,int,10,0
dbo,FactQHourlycNumQCI,Throughput_Distribution-UlThruBin44,int,10,0
dbo,FactQHourlycNumQCI,Throughput_Distribution-UlThruBin45,int,10,0
dbo,FactQHourlycNumQCI,Throughput_Distribution-UlThruBin46,int,10,0
dbo,FactQHourlycNumQCI,Throughput_Distribution-UlThruBin47,int,10,0
dbo,FactQHourlycNumQCI,Throughput_Distribution-UlThruBin48,int,10,0
dbo,FactQHourlycNumQCI,Throughput_Distribution-UlThruBin49,int,10,0
dbo,FactQHourlycNumQCI,Throughput_Distribution-UlThruBin50,int,10,0
dbo,FactQHourlycNumQCI,Throughput_Distribution-UlThruBin51,int,10,0
dbo,FactQHourlycNumQCI,Throughput_Distribution-UlThruBin52,int,10,0
dbo,FactQHourlycNumQCI,Throughput_Distribution-UlThruBin53,int,10,0
dbo,FactQHourlycNumQCI,Throughput_Distribution-UlThruBin54,int,10,0
dbo,FactQHourlycNumQCI,Throughput_Distribution-UlThruBin55,int,10,0
dbo,FactQHourlycNumQCI,Throughput_Distribution-UlThruBin56,int,10,0
dbo,FactQHourlycNumQCI,Throughput_Distribution-UlThruBin57,int,10,0
dbo,FactQHourlycNumQCI,Throughput_Distribution-UlThruBin58,int,10,0
dbo,FactQHourlycNumQCI,Throughput_Distribution-UlThruBin59,int,10,0
dbo,FactQHourlycNumQCI,Throughput_Distribution-UlThruBin60,int,10,0
dbo,FactQHourlycNumQCI,Throughput_Distribution-UlThruBin61,int,10,0
dbo,FactQHourlycNumQCI,Throughput_Distribution-UlThruBin62,int,10,0
dbo,FactQHourlycNumQCI,Throughput_Distribution-UlThruBin63,int,10,0
dbo,FactQHourlycNumQCI,Throughput_Distribution-UlThruBin64,int,10,0
dbo,FactQHourlycNumQCI,Throughput_Distribution-UlThruBin65,int,10,0
dbo,FactQHourlycNumQCI,Throughput_Distribution-UlThruBin66,int,10,0
dbo,FactQHourlycNumQCI,Throughput_Distribution-UlThruBin67,int,10,0
dbo,FactQHourlycNumQCI,Throughput_Distribution-UlThruBin68,int,10,0
dbo,FactQHourlycNumQCI,Throughput_Distribution-UlThruBin69,int,10,0
dbo,FactQHourlycNumQCI,Throughput_Distribution-UlThruBin70,int,10,0
dbo,FactQHourlycNumQCI,Throughput_Distribution-UlThruBin71,int,10,0
dbo,FactQHourlycNumQCI,Throughput_Distribution-UlThruBin72,int,10,0
dbo,FactQHourlycNumQCI,Throughput_Distribution-UlThruBin73,int,10,0
dbo,FactQHourlycNumQCI,Throughput_Distribution-UlThruBin74,int,10,0
dbo,FactQHourlycNumQCI,Throughput_Distribution-UlThruBin75,int,10,0
dbo,FactQHourlycNumQCI,Throughput_Distribution-UlThruBin76,int,10,0
dbo,FactQHourlycNumQCI,Throughput_Distribution-UlThruBin77,int,10,0
dbo,FactQHourlycNumQCI,Throughput_Distribution-UlThruBin78,int,10,0
dbo,FactQHourlycNumQCI,Throughput_Distribution-UlThruBin79,int,10,0
dbo,FactQHourlycNumQCI,Throughput_Distribution-UlThruBin80,int,10,0
dbo,FactQHourlycNumQCI,Throughput_Distribution-UlThruBin81,int,10,0
dbo,FactQHourlycNumQCI,Throughput_Distribution-UlThruBin82,int,10,0
dbo,FactQHourlycNumQCI,Throughput_Distribution-UlThruBin83,int,10,0
dbo,FactQHourlycNumQCI,Throughput_Distribution-UlThruBin84,int,10,0
dbo,FactQHourlycNumQCI,Throughput_Distribution-UlThruBin85,int,10,0
dbo,FactQHourlycNumQCI,Throughput_Distribution-UlThruBin86,int,10,0
dbo,FactQHourlycNumQCI,Throughput_Distribution-UlThruBin87,int,10,0
dbo,FactQHourlycNumQCI,Throughput_Distribution-UlThruBin88,int,10,0
dbo,FactQHourlycNumQCI,Throughput_Distribution-UlThruBin89,int,10,0
dbo,FactQHourlycNumQCI,Throughput_Distribution-UlThruBin90,int,10,0
dbo,FactQHourlycNumQCI,Throughput_Distribution-UlThruBin91,int,10,0
dbo,FactQHourlycNumQCI,Throughput_Distribution-UlThruBin92,int,10,0
dbo,FactQHourlycNumQCI,Throughput_Distribution-UlThruBin93,int,10,0
dbo,FactQHourlycNumQCI,Throughput_Distribution-UlThruBin94,int,10,0
dbo,FactQHourlycNumQCI,Throughput_Distribution-UlThruBin95,int,10,0
dbo,FactQHourlycNumQCI,Throughput_Distribution-UlThruBin96,int,10,0
dbo,FactQHourlycNumQCI,Throughput_Distribution-UlThruBin97,int,10,0
dbo,FactQHourlycNumQCI,Throughput_Distribution-UlThruBin98,int,10,0
dbo,FactQHourlycNumQCI,Throughput_Distribution-UlThruBin99,int,10,0
dbo,FactQHourlycNumQCI,Throughput_Distribution-UlThruBin100,int,10,0
dbo,FactQHourlycNumQCI,Throughput_Distribution-UlThruBin101,int,10,0
dbo,FactQHourlycNumQCI,Throughput_Distribution-DlThruBin1,int,10,0
dbo,FactQHourlycNumQCI,Throughput_Distribution-DlThruBin2,int,10,0
dbo,FactQHourlycNumQCI,Throughput_Distribution-DlThruBin3,int,10,0
dbo,FactQHourlycNumQCI,Throughput_Distribution-DlThruBin4,int,10,0
dbo,FactQHourlycNumQCI,Throughput_Distribution-DlThruBin5,int,10,0
dbo,FactQHourlycNumQCI,Throughput_Distribution-DlThruBin6,int,10,0
dbo,FactQHourlycNumQCI,Throughput_Distribution-DlThruBin7,int,10,0
dbo,FactQHourlycNumQCI,Throughput_Distribution-DlThruBin8,int,10,0
dbo,FactQHourlycNumQCI,Throughput_Distribution-DlThruBin9,int,10,0
dbo,FactQHourlycNumQCI,Throughput_Distribution-DlThruBin10,int,10,0
dbo,FactQHourlycNumQCI,Throughput_Distribution-DlThruBin11,int,10,0
dbo,FactQHourlycNumQCI,Throughput_Distribution-DlThruBin12,int,10,0
dbo,FactQHourlycNumQCI,Throughput_Distribution-DlThruBin13,int,10,0
dbo,FactQHourlycNumQCI,Throughput_Distribution-DlThruBin14,int,10,0
dbo,FactQHourlycNumQCI,Throughput_Distribution-DlThruBin15,int,10,0
dbo,FactQHourlycNumQCI,Throughput_Distribution-DlThruBin16,int,10,0
dbo,FactQHourlycNumQCI,Throughput_Distribution-DlThruBin17,int,10,0
dbo,FactQHourlycNumQCI,Throughput_Distribution-DlThruBin18,int,10,0
dbo,FactQHourlycNumQCI,Throughput_Distribution-DlThruBin19,int,10,0
dbo,FactQHourlycNumQCI,Throughput_Distribution-DlThruBin20,int,10,0
dbo,FactQHourlycNumQCI,Throughput_Distribution-DlThruBin21,int,10,0
dbo,FactQHourlycNumQCI,Throughput_Distribution-DlThruBin22,int,10,0
dbo,FactQHourlycNumQCI,Throughput_Distribution-DlThruBin23,int,10,0
dbo,FactQHourlycNumQCI,Throughput_Distribution-DlThruBin24,int,10,0
dbo,FactQHourlycNumQCI,Throughput_Distribution-DlThruBin25,int,10,0
dbo,FactQHourlycNumQCI,Throughput_Distribution-DlThruBin26,int,10,0
dbo,FactQHourlycNumQCI,Throughput_Distribution-DlThruBin27,int,10,0
dbo,FactQHourlycNumQCI,Throughput_Distribution-DlThruBin28,int,10,0
dbo,FactQHourlycNumQCI,Throughput_Distribution-DlThruBin29,int,10,0
dbo,FactQHourlycNumQCI,Throughput_Distribution-DlThruBin30,int,10,0
dbo,FactQHourlycNumQCI,Throughput_Distribution-DlThruBin31,int,10,0
dbo,FactQHourlycNumQCI,Throughput_Distribution-DlThruBin32,int,10,0
dbo,FactQHourlycNumQCI,Throughput_Distribution-DlThruBin33,int,10,0
dbo,FactQHourlycNumQCI,Throughput_Distribution-DlThruBin34,int,10,0
dbo,FactQHourlycNumQCI,Throughput_Distribution-DlThruBin35,int,10,0
dbo,FactQHourlycNumQCI,Throughput_Distribution-DlThruBin36,int,10,0
dbo,FactQHourlycNumQCI,Throughput_Distribution-DlThruBin37,int,10,0
dbo,FactQHourlycNumQCI,Throughput_Distribution-DlThruBin38,int,10,0
dbo,FactQHourlycNumQCI,Throughput_Distribution-DlThruBin39,int,10,0
dbo,FactQHourlycNumQCI,Throughput_Distribution-DlThruBin40,int,10,0
dbo,FactQHourlycNumQCI,Throughput_Distribution-DlThruBin41,int,10,0
dbo,FactQHourlycNumQCI,Throughput_Distribution-DlThruBin42,int,10,0
dbo,FactQHourlycNumQCI,Throughput_Distribution-DlThruBin43,int,10,0
dbo,FactQHourlycNumQCI,Throughput_Distribution-DlThruBin44,int,10,0
dbo,FactQHourlycNumQCI,Throughput_Distribution-DlThruBin45,int,10,0
dbo,FactQHourlycNumQCI,Throughput_Distribution-DlThruBin46,int,10,0
dbo,FactQHourlycNumQCI,Throughput_Distribution-DlThruBin47,int,10,0
dbo,FactQHourlycNumQCI,Throughput_Distribution-DlThruBin48,int,10,0
dbo,FactQHourlycNumQCI,Throughput_Distribution-DlThruBin49,int,10,0
dbo,FactQHourlycNumQCI,Throughput_Distribution-DlThruBin50,int,10,0
dbo,FactQHourlycNumQCI,Throughput_Distribution-DlThruBin51,int,10,0
dbo,FactQHourlycNumQCI,Throughput_Distribution-DlThruBin52,int,10,0
dbo,FactQHourlycNumQCI,Throughput_Distribution-DlThruBin53,int,10,0
dbo,FactQHourlycNumQCI,Throughput_Distribution-DlThruBin54,int,10,0
dbo,FactQHourlycNumQCI,Throughput_Distribution-DlThruBin55,int,10,0
dbo,FactQHourlycNumQCI,Throughput_Distribution-DlThruBin56,int,10,0
dbo,FactQHourlycNumQCI,Throughput_Distribution-DlThruBin57,int,10,0
dbo,FactQHourlycNumQCI,Throughput_Distribution-DlThruBin58,int,10,0
dbo,FactQHourlycNumQCI,Throughput_Distribution-DlThruBin59,int,10,0
dbo,FactQHourlycNumQCI,Throughput_Distribution-DlThruBin60,int,10,0
dbo,FactQHourlycNumQCI,Throughput_Distribution-DlThruBin61,int,10,0
dbo,FactQHourlycNumQCI,Throughput_Distribution-DlThruBin62,int,10,0
dbo,FactQHourlycNumQCI,Throughput_Distribution-DlThruBin63,int,10,0
dbo,FactQHourlycNumQCI,Throughput_Distribution-DlThruBin64,int,10,0
dbo,FactQHourlycNumQCI,Throughput_Distribution-DlThruBin65,int,10,0
dbo,FactQHourlycNumQCI,Throughput_Distribution-DlThruBin66,int,10,0
dbo,FactQHourlycNumQCI,Throughput_Distribution-DlThruBin67,int,10,0
dbo,FactQHourlycNumQCI,Throughput_Distribution-DlThruBin68,int,10,0
dbo,FactQHourlycNumQCI,Throughput_Distribution-DlThruBin69,int,10,0
dbo,FactQHourlycNumQCI,Throughput_Distribution-DlThruBin70,int,10,0
dbo,FactQHourlycNumQCI,Throughput_Distribution-DlThruBin71,int,10,0
dbo,FactQHourlycNumQCI,Throughput_Distribution-DlThruBin72,int,10,0
dbo,FactQHourlycNumQCI,Throughput_Distribution-DlThruBin73,int,10,0
dbo,FactQHourlycNumQCI,Throughput_Distribution-DlThruBin74,int,10,0
dbo,FactQHourlycNumQCI,Throughput_Distribution-DlThruBin75,int,10,0
dbo,FactQHourlycNumQCI,Throughput_Distribution-DlThruBin76,int,10,0
dbo,FactQHourlycNumQCI,Throughput_Distribution-DlThruBin77,int,10,0
dbo,FactQHourlycNumQCI,Throughput_Distribution-DlThruBin78,int,10,0
dbo,FactQHourlycNumQCI,Throughput_Distribution-DlThruBin79,int,10,0
dbo,FactQHourlycNumQCI,Throughput_Distribution-DlThruBin80,int,10,0
dbo,FactQHourlycNumQCI,Throughput_Distribution-DlThruBin81,int,10,0
dbo,FactQHourlycNumQCI,Throughput_Distribution-DlThruBin82,int,10,0
dbo,FactQHourlycNumQCI,Throughput_Distribution-DlThruBin83,int,10,0
dbo,FactQHourlycNumQCI,Throughput_Distribution-DlThruBin84,int,10,0
dbo,FactQHourlycNumQCI,Throughput_Distribution-DlThruBin85,int,10,0
dbo,FactQHourlycNumQCI,Throughput_Distribution-DlThruBin86,int,10,0
dbo,FactQHourlycNumQCI,Throughput_Distribution-DlThruBin87,int,10,0
dbo,FactQHourlycNumQCI,Throughput_Distribution-DlThruBin88,int,10,0
dbo,FactQHourlycNumQCI,Throughput_Distribution-DlThruBin89,int,10,0
dbo,FactQHourlycNumQCI,Throughput_Distribution-DlThruBin90,int,10,0
dbo,FactQHourlycNumQCI,Throughput_Distribution-DlThruBin91,int,10,0
dbo,FactQHourlycNumQCI,Throughput_Distribution-DlThruBin92,int,10,0
dbo,FactQHourlycNumQCI,Throughput_Distribution-DlThruBin93,int,10,0
dbo,FactQHourlycNumQCI,Throughput_Distribution-DlThruBin94,int,10,0
dbo,FactQHourlycNumQCI,Throughput_Distribution-DlThruBin95,int,10,0
dbo,FactQHourlycNumQCI,Throughput_Distribution-DlThruBin96,int,10,0
dbo,FactQHourlycNumQCI,Throughput_Distribution-DlThruBin97,int,10,0
dbo,FactQHourlycNumQCI,Throughput_Distribution-DlThruBin98,int,10,0
dbo,FactQHourlycNumQCI,Throughput_Distribution-DlThruBin99,int,10,0
dbo,FactQHourlycNumQCI,Throughput_Distribution-DlThruBin100,int,10,0
dbo,FactQHourlycNumQCI,Throughput_Distribution-DlThruBin101,int,10,0
dbo,FactQHourlycNumQCI,Air_RLC_UL_DL_bytes-AirUlThruMin,decimal,12,4
dbo,FactQHourlycNumQCI,Air_RLC_UL_DL_bytes-AirUlThruMax,decimal,12,4
dbo,FactQHourlycNumQCI,Air_RLC_UL_DL_bytes-AirDlThruMin,decimal,12,4
dbo,FactQHourlycNumQCI,Air_RLC_UL_DL_bytes-AirDlThruMax,decimal,12,4
dbo,FactQHourlycNumQCI,Air_RLC_UL_DL_bytes-IpThruMin,decimal,12,4
dbo,FactQHourlycNumQCI,Air_RLC_UL_DL_bytes-IpThruMax,decimal,12,4
dbo,FactQHourlycNumQCI,S_GW_UL_DL_packets-ThruUleNBQCIMin,decimal,12,4
dbo,FactQHourlycNumQCI,S_GW_UL_DL_packets-ThruDleNBQCIMin,decimal,12,4
dbo,FactQHourlycNumQCI,E_RAB_Setup_Add-ErabAddFailNbr_CP_CC_INTERACTION,int,10,0
dbo,FactQHourlycNumQCI,E_RAB_Modify-ModQoSFailNbr_CP_CC_INTERACTION,int,10,0
dbo,FactQHourlycNumQCI,E_RAB_Release-RelFailNbr_CP_CC_INTERACTION,int,10,0
dbo,FactQHourlycNumQCI,S_GW_UL_DL_packets_PLMN-ByteUleNBQCI_QCI0,int,10,0
dbo,FactQHourlycNumQCI,S_GW_UL_DL_packets_PLMN-ByteDleNBQCI_QCI0,int,10,0
dbo,FactQHourlycNumQCI,S_GW_UL_DL_packets_PLMN-ByteUleNBQCI_QCI1,int,10,0
dbo,FactQHourlycNumQCI,S_GW_UL_DL_packets_PLMN-ByteDleNBQCI_QCI1,int,10,0
dbo,FactQHourlycNumQCI,S_GW_UL_DL_packets_PLMN-ByteUleNBQCI_QCI2,int,10,0
dbo,FactQHourlycNumQCI,S_GW_UL_DL_packets_PLMN-ByteDleNBQCI_QCI2,int,10,0
dbo,FactQHourlycNumQCI,S_GW_UL_DL_packets_PLMN-ByteUleNBQCI_QCI3,int,10,0
dbo,FactQHourlycNumQCI,S_GW_UL_DL_packets_PLMN-ByteDleNBQCI_QCI3,int,10,0
dbo,FactQHourlycNumQCI,S_GW_UL_DL_packets_PLMN-ByteUleNBQCI_QCI4,int,10,0
dbo,FactQHourlycNumQCI,S_GW_UL_DL_packets_PLMN-ByteDleNBQCI_QCI4,int,10,0
dbo,FactQHourlycNumQCI,S_GW_UL_DL_packets_PLMN-ByteUleNBQCI_QCI5,int,10,0
dbo,FactQHourlycNumQCI,S_GW_UL_DL_packets_PLMN-ByteDleNBQCI_QCI5,int,10,0
dbo,FactQHourlycNumQCI,S_GW_UL_DL_packets_PLMN-ByteUleNBQCI_QCI6,int,10,0
dbo,FactQHourlycNumQCI,S_GW_UL_DL_packets_PLMN-ByteDleNBQCI_QCI6,int,10,0
dbo,FactQHourlycNumQCI,S_GW_UL_DL_packets_PLMN-ByteUleNBQCI_QCI7,int,10,0
dbo,FactQHourlycNumQCI,S_GW_UL_DL_packets_PLMN-ByteDleNBQCI_QCI7,int,10,0
dbo,FactQHourlycNumQCI,S_GW_UL_DL_packets_PLMN-ByteUleNBQCI_QCI8,int,10,0
dbo,FactQHourlycNumQCI,S_GW_UL_DL_packets_PLMN-ByteDleNBQCI_QCI8,int,10,0
dbo,FactQHourlycNumQCI,S_GW_UL_DL_packets_PLMN-ByteUleNBQCI_QCI9,int,10,0
dbo,FactQHourlycNumQCI,S_GW_UL_DL_packets_PLMN-ByteDleNBQCI_QCI9,int,10,0
dbo,FactQHourlycNumQCI,S_GW_UL_DL_packets_PLMN-ByteUleNBQCI_QCI10,int,10,0
dbo,FactQHourlycNumQCI,S_GW_UL_DL_packets_PLMN-ByteDleNBQCI_QCI10,int,10,0
dbo,FactQHourlycNumQCI,S_GW_UL_DL_packets_PLMN-ByteUleNBQCI_QCI11,int,10,0
dbo,FactQHourlycNumQCI,S_GW_UL_DL_packets_PLMN-ByteDleNBQCI_QCI11,int,10,0
dbo,FactQHourlycNumQCI,S_GW_UL_DL_packets_PLMN-ByteUleNBQCI_QCI12,int,10,0
dbo,FactQHourlycNumQCI,S_GW_UL_DL_packets_PLMN-ByteDleNBQCI_QCI12,int,10,0
dbo,FactQHourlycNumQCI,S_GW_UL_DL_packets_PLMN-ByteUleNBQCI_QCI13,int,10,0
dbo,FactQHourlycNumQCI,S_GW_UL_DL_packets_PLMN-ByteDleNBQCI_QCI13,int,10,0
dbo,FactQHourlycNumQCI,S_GW_UL_DL_packets_PLMN-ByteUleNBQCI_QCI14,int,10,0
dbo,FactQHourlycNumQCI,S_GW_UL_DL_packets_PLMN-ByteDleNBQCI_QCI14,int,10,0
dbo,FactQHourlycNumQCI,S_GW_UL_DL_packets_PLMN-ByteUleNBQCI_QCI15,int,10,0
dbo,FactQHourlycNumQCI,S_GW_UL_DL_packets_PLMN-ByteDleNBQCI_QCI15,int,10,0
dbo,FactQHourlycNumQCI,S_GW_UL_DL_packets_PLMN-ByteUleNBQCI_PLMN0,int,10,0
dbo,FactQHourlycNumQCI,S_GW_UL_DL_packets_PLMN-ByteDleNBQCI_PLMN0,int,10,0
dbo,FactQHourlycNumQCI,S_GW_UL_DL_packets_PLMN-ByteUleNBQCI_PLMN1,int,10,0
dbo,FactQHourlycNumQCI,S_GW_UL_DL_packets_PLMN-ByteDleNBQCI_PLMN1,int,10,0
dbo,FactQHourlycNumQCI,S_GW_UL_DL_packets_PLMN-ByteUleNBQCI_PLMN2,int,10,0
dbo,FactQHourlycNumQCI,S_GW_UL_DL_packets_PLMN-ByteDleNBQCI_PLMN2,int,10,0
dbo,FactQHourlycNumQCI,S_GW_UL_DL_packets_PLMN-ByteUleNBQCI_PLMN3,int,10,0
dbo,FactQHourlycNumQCI,S_GW_UL_DL_packets_PLMN-ByteDleNBQCI_PLMN3,int,10,0
dbo,FactQHourlycNumQCI,S_GW_UL_DL_packets_PLMN-ByteUleNBQCI_PLMN4,int,10,0
dbo,FactQHourlycNumQCI,S_GW_UL_DL_packets_PLMN-ByteDleNBQCI_PLMN4,int,10,0
dbo,FactQHourlycNumQCI,S_GW_UL_DL_packets_PLMN-ByteUleNBQCI_PLMN5,int,10,0
dbo,FactQHourlycNumQCI,S_GW_UL_DL_packets_PLMN-ByteDleNBQCI_PLMN5,int,10,0
dbo,FactQHourlycNumQCI,E_RAB_Simultaneous_Number_PLMN-UsageNbr_PLMN0,decimal,12,4
dbo,FactQHourlycNumQCI,E_RAB_Simultaneous_Number_PLMN-UsageNbrMax_PLMN0,decimal,12,4
dbo,FactQHourlycNumQCI,E_RAB_Simultaneous_Number_PLMN-UsageNbrTot_PLMN0,decimal,12,4
dbo,FactQHourlycNumQCI,E_RAB_Simultaneous_Number_PLMN-UsageNbrCnt_PLMN0,int,10,0
dbo,FactQHourlycNumQCI,E_RAB_Simultaneous_Number_PLMN-UsageNbr_PLMN1,decimal,12,4
dbo,FactQHourlycNumQCI,E_RAB_Simultaneous_Number_PLMN-UsageNbrMax_PLMN1,decimal,12,4
dbo,FactQHourlycNumQCI,E_RAB_Simultaneous_Number_PLMN-UsageNbrTot_PLMN1,decimal,12,4
dbo,FactQHourlycNumQCI,E_RAB_Simultaneous_Number_PLMN-UsageNbrCnt_PLMN1,int,10,0
dbo,FactQHourlycNumQCI,E_RAB_Simultaneous_Number_PLMN-UsageNbr_PLMN2,decimal,12,4
dbo,FactQHourlycNumQCI,E_RAB_Simultaneous_Number_PLMN-UsageNbrMax_PLMN2,decimal,12,4
dbo,FactQHourlycNumQCI,E_RAB_Simultaneous_Number_PLMN-UsageNbrTot_PLMN2,decimal,12,4
dbo,FactQHourlycNumQCI,E_RAB_Simultaneous_Number_PLMN-UsageNbrCnt_PLMN2,int,10,0
dbo,FactQHourlycNumQCI,E_RAB_Simultaneous_Number_PLMN-UsageNbr_PLMN3,decimal,12,4
dbo,FactQHourlycNumQCI,E_RAB_Simultaneous_Number_PLMN-UsageNbrMax_PLMN3,decimal,12,4
dbo,FactQHourlycNumQCI,E_RAB_Simultaneous_Number_PLMN-UsageNbrTot_PLMN3,decimal,12,4
dbo,FactQHourlycNumQCI,E_RAB_Simultaneous_Number_PLMN-UsageNbrCnt_PLMN3,int,10,0
dbo,FactQHourlycNumQCI,E_RAB_Simultaneous_Number_PLMN-UsageNbr_PLMN4,decimal,12,4
dbo,FactQHourlycNumQCI,E_RAB_Simultaneous_Number_PLMN-UsageNbrMax_PLMN4,decimal,12,4
dbo,FactQHourlycNumQCI,E_RAB_Simultaneous_Number_PLMN-UsageNbrTot_PLMN4,decimal,12,4
dbo,FactQHourlycNumQCI,E_RAB_Simultaneous_Number_PLMN-UsageNbrCnt_PLMN4,int,10,0
dbo,FactQHourlycNumQCI,E_RAB_Simultaneous_Number_PLMN-UsageNbr_PLMN5,decimal,12,4
dbo,FactQHourlycNumQCI,E_RAB_Simultaneous_Number_PLMN-UsageNbrMax_PLMN5,decimal,12,4
dbo,FactQHourlycNumQCI,E_RAB_Simultaneous_Number_PLMN-UsageNbrTot_PLMN5,decimal,12,4
dbo,FactQHourlycNumQCI,E_RAB_Simultaneous_Number_PLMN-UsageNbrCnt_PLMN5,int,10,0
dbo,FactQHourlycNumQCI,E_RAB_Simultaneous_Number_PLMN-UsageNbr_PLMN,decimal,12,4
dbo,FactQHourlycNumQCI,E_RAB_Simultaneous_Number_PLMN-UsageNbrMax_PLMN,decimal,12,4
dbo,FactQHourlycNumQCI,E_RAB_Simultaneous_Number_PLMN-UsageNbrTot_PLMN,decimal,12,4
dbo,FactQHourlycNumQCI,E_RAB_Simultaneous_Number_PLMN-UsageNbrCnt_PLMN,int,10,0
dbo,FactQHourlycNumQCI,E_RAB_Simultaneous_Number_PLMN-UsageNbr_QCI_0,decimal,12,4
dbo,FactQHourlycNumQCI,E_RAB_Simultaneous_Number_PLMN-UsageNbrMax_QCI_0,decimal,12,4
dbo,FactQHourlycNumQCI,E_RAB_Simultaneous_Number_PLMN-UsageNbrTot_QCI_0,decimal,12,4
dbo,FactQHourlycNumQCI,E_RAB_Simultaneous_Number_PLMN-UsageNbrCnt_QCI_0,int,10,0
dbo,FactQHourlycNumQCI,E_RAB_Simultaneous_Number_PLMN-UsageNbr_QCI_1,decimal,12,4
dbo,FactQHourlycNumQCI,E_RAB_Simultaneous_Number_PLMN-UsageNbrMax_QCI_1,decimal,12,4
dbo,FactQHourlycNumQCI,E_RAB_Simultaneous_Number_PLMN-UsageNbrTot_QCI_1,decimal,12,4
dbo,FactQHourlycNumQCI,E_RAB_Simultaneous_Number_PLMN-UsageNbrCnt_QCI_1,int,10,0
dbo,FactQHourlycNumQCI,E_RAB_Simultaneous_Number_PLMN-UsageNbr_QCI_2,decimal,12,4
dbo,FactQHourlycNumQCI,E_RAB_Simultaneous_Number_PLMN-UsageNbrMax_QCI_2,decimal,12,4
dbo,FactQHourlycNumQCI,E_RAB_Simultaneous_Number_PLMN-UsageNbrTot_QCI_2,decimal,12,4
dbo,FactQHourlycNumQCI,E_RAB_Simultaneous_Number_PLMN-UsageNbrCnt_QCI_2,int,10,0
dbo,FactQHourlycNumQCI,E_RAB_Simultaneous_Number_PLMN-UsageNbr_QCI_3,decimal,12,4
dbo,FactQHourlycNumQCI,E_RAB_Simultaneous_Number_PLMN-UsageNbrMax_QCI_3,decimal,12,4
dbo,FactQHourlycNumQCI,E_RAB_Simultaneous_Number_PLMN-UsageNbrTot_QCI_3,decimal,12,4
dbo,FactQHourlycNumQCI,E_RAB_Simultaneous_Number_PLMN-UsageNbrCnt_QCI_3,int,10,0
dbo,FactQHourlycNumQCI,E_RAB_Simultaneous_Number_PLMN-UsageNbr_QCI_4,decimal,12,4
dbo,FactQHourlycNumQCI,E_RAB_Simultaneous_Number_PLMN-UsageNbrMax_QCI_4,decimal,12,4
dbo,FactQHourlycNumQCI,E_RAB_Simultaneous_Number_PLMN-UsageNbrTot_QCI_4,decimal,12,4
dbo,FactQHourlycNumQCI,E_RAB_Simultaneous_Number_PLMN-UsageNbrCnt_QCI_4,int,10,0
dbo,FactQHourlycNumQCI,E_RAB_Simultaneous_Number_PLMN-UsageNbr_QCI_5,decimal,12,4
dbo,FactQHourlycNumQCI,E_RAB_Simultaneous_Number_PLMN-UsageNbrMax_QCI_5,decimal,12,4
dbo,FactQHourlycNumQCI,E_RAB_Simultaneous_Number_PLMN-UsageNbrTot_QCI_5,decimal,12,4
dbo,FactQHourlycNumQCI,E_RAB_Simultaneous_Number_PLMN-UsageNbrCnt_QCI_5,int,10,0
dbo,FactQHourlycNumQCI,E_RAB_Simultaneous_Number_PLMN-UsageNbr_QCI_6,decimal,12,4
dbo,FactQHourlycNumQCI,E_RAB_Simultaneous_Number_PLMN-UsageNbrMax_QCI_6,decimal,12,4
dbo,FactQHourlycNumQCI,E_RAB_Simultaneous_Number_PLMN-UsageNbrTot_QCI_6,decimal,12,4
dbo,FactQHourlycNumQCI,E_RAB_Simultaneous_Number_PLMN-UsageNbrCnt_QCI_6,int,10,0
dbo,FactQHourlycNumQCI,E_RAB_Simultaneous_Number_PLMN-UsageNbr_QCI_7,decimal,12,4
dbo,FactQHourlycNumQCI,E_RAB_Simultaneous_Number_PLMN-UsageNbrMax_QCI_7,decimal,12,4
dbo,FactQHourlycNumQCI,E_RAB_Simultaneous_Number_PLMN-UsageNbrTot_QCI_7,decimal,12,4
dbo,FactQHourlycNumQCI,E_RAB_Simultaneous_Number_PLMN-UsageNbrCnt_QCI_7,int,10,0
dbo,FactQHourlycNumQCI,E_RAB_Simultaneous_Number_PLMN-UsageNbr_QCI_8,decimal,12,4
dbo,FactQHourlycNumQCI,E_RAB_Simultaneous_Number_PLMN-UsageNbrMax_QCI_8,decimal,12,4
dbo,FactQHourlycNumQCI,E_RAB_Simultaneous_Number_PLMN-UsageNbrTot_QCI_8,decimal,12,4
dbo,FactQHourlycNumQCI,E_RAB_Simultaneous_Number_PLMN-UsageNbrCnt_QCI_8,int,10,0
dbo,FactQHourlycNumQCI,E_RAB_Simultaneous_Number_PLMN-UsageNbr_QCI_9,decimal,12,4
dbo,FactQHourlycNumQCI,E_RAB_Simultaneous_Number_PLMN-UsageNbrMax_QCI_9,decimal,12,4
dbo,FactQHourlycNumQCI,E_RAB_Simultaneous_Number_PLMN-UsageNbrTot_QCI_9,decimal,12,4
dbo,FactQHourlycNumQCI,E_RAB_Simultaneous_Number_PLMN-UsageNbrCnt_QCI_9,int,10,0
dbo,FactQHourlycNumQCI,E_RAB_Simultaneous_Number_PLMN-UsageNbr_QCI_10,decimal,12,4
dbo,FactQHourlycNumQCI,E_RAB_Simultaneous_Number_PLMN-UsageNbrMax_QCI_10,decimal,12,4
dbo,FactQHourlycNumQCI,E_RAB_Simultaneous_Number_PLMN-UsageNbrTot_QCI_10,decimal,12,4
dbo,FactQHourlycNumQCI,E_RAB_Simultaneous_Number_PLMN-UsageNbrCnt_QCI_10,int,10,0
dbo,FactQHourlycNumQCI,E_RAB_Simultaneous_Number_PLMN-UsageNbr_QCI_11,decimal,12,4
dbo,FactQHourlycNumQCI,E_RAB_Simultaneous_Number_PLMN-UsageNbrMax_QCI_11,decimal,12,4
dbo,FactQHourlycNumQCI,E_RAB_Simultaneous_Number_PLMN-UsageNbrTot_QCI_11,decimal,12,4
dbo,FactQHourlycNumQCI,E_RAB_Simultaneous_Number_PLMN-UsageNbrCnt_QCI_11,int,10,0
dbo,FactQHourlycNumQCI,E_RAB_Simultaneous_Number_PLMN-UsageNbr_QCI_12,decimal,12,4
dbo,FactQHourlycNumQCI,E_RAB_Simultaneous_Number_PLMN-UsageNbrMax_QCI_12,decimal,12,4
dbo,FactQHourlycNumQCI,E_RAB_Simultaneous_Number_PLMN-UsageNbrTot_QCI_12,decimal,12,4
dbo,FactQHourlycNumQCI,E_RAB_Simultaneous_Number_PLMN-UsageNbrCnt_QCI_12,int,10,0
dbo,FactQHourlycNumQCI,E_RAB_Simultaneous_Number_PLMN-UsageNbr_QCI_13,decimal,12,4
dbo,FactQHourlycNumQCI,E_RAB_Simultaneous_Number_PLMN-UsageNbrMax_QCI_13,decimal,12,4
dbo,FactQHourlycNumQCI,E_RAB_Simultaneous_Number_PLMN-UsageNbrTot_QCI_13,decimal,12,4
dbo,FactQHourlycNumQCI,E_RAB_Simultaneous_Number_PLMN-UsageNbrCnt_QCI_13,int,10,0
dbo,FactQHourlycNumQCI,E_RAB_Simultaneous_Number_PLMN-UsageNbr_QCI_14,decimal,12,4
dbo,FactQHourlycNumQCI,E_RAB_Simultaneous_Number_PLMN-UsageNbrMax_QCI_14,decimal,12,4
dbo,FactQHourlycNumQCI,E_RAB_Simultaneous_Number_PLMN-UsageNbrTot_QCI_14,decimal,12,4
dbo,FactQHourlycNumQCI,E_RAB_Simultaneous_Number_PLMN-UsageNbrCnt_QCI_14,int,10,0
dbo,FactQHourlycNumQCI,E_RAB_Simultaneous_Number_PLMN-UsageNbr_QCI_15,decimal,12,4
dbo,FactQHourlycNumQCI,E_RAB_Simultaneous_Number_PLMN-UsageNbrMax_QCI_15,decimal,12,4
dbo,FactQHourlycNumQCI,E_RAB_Simultaneous_Number_PLMN-UsageNbrTot_QCI_15,decimal,12,4
dbo,FactQHourlycNumQCI,E_RAB_Simultaneous_Number_PLMN-UsageNbrCnt_QCI_15,int,10,0
dbo,FactQHourlycNumQCI,E_RAB_setup_time-EstabTime,decimal,12,4
dbo,FactQHourlycNumQCI,Dimdatekey_UTC,int,10,0
dbo,FactQHourlycNumQCI,DimQHourkey_UTC,int,10,0
dbo,FactQHourlycNumQCI,Throughput_Distribution-UlThruAvg,int,10,0
dbo,FactQHourlycNumQCI,Throughput_Distribution-UlThruMax,int,10,0
dbo,FactQHourlycNumQCI,Throughput_Distribution-UlThruMin,int,10,0
dbo,FactQHourlycNumQCI,Throughput_Distribution-UlThruTot,int,10,0
dbo,FactQHourlycNumQCI,Throughput_Distribution-UlThruCnt,int,10,0
dbo,FactQHourlycNumQCI,Throughput_Distribution-DlThruAvg,int,10,0
dbo,FactQHourlycNumQCI,Throughput_Distribution-DlThruMax,int,10,0
dbo,FactQHourlycNumQCI,Throughput_Distribution-DlThruMin,int,10,0
dbo,FactQHourlycNumQCI,Throughput_Distribution-DlThruTot,int,10,0
dbo,FactQHourlycNumQCI,Throughput_Distribution-DlThruCnt,int,10,0
dbo,FactQHourlycNumQCI,Active_UEs-UEActiveDlTot,decimal,20,4
dbo,FactQHourlycNumQCI,Packet_Drop_Rate-PdcpPduDropRateDlTot,decimal,20,4
dbo,FactQHourlycNumQCI,Active_UEs-UEActiveUlTot,decimal,20,4
