﻿dbo,FactQHourlycNumDLLayerCodeword,FactQHourlycNumDLLayerCodewordKey,bigint,19,0
dbo,FactQHourlycNumDLLayerCodeword,DimDateKey,int,10,0
dbo,FactQHourlycNumDLLayerCodeword,DimQHourKey,int,10,0
dbo,FactQHourlycNumDLLayerCodeword,DimCNumKey,int,10,0
dbo,FactQHourlycNumDLLayerCodeword,DimDLLayerCodeWordKey,int,10,0
dbo,FactQHourlycNumDLLayerCodeword,ETLJobKey,bigint,19,0
dbo,FactQHourlycNumDLLayerCodeword,insertDate,datetime,NULL,NULL
dbo,FactQHourlycNumDLLayerCodeword,DL_CQI-DlReceivedCQI0_Old,int,10,0
dbo,FactQHourlycNumDLLayerCodeword,DL_CQI-DlReceivedCQI1,int,10,0
dbo,FactQHourlycNumDLLayerCodeword,DL_CQI-DlReceivedCQI2_Old,int,10,0
dbo,FactQHourlycNumDLLayerCodeword,DL_CQI-DlReceivedCQI3,int,10,0
dbo,FactQHourlycNumDLLayerCodeword,DL_CQI-DlReceivedCQI4,int,10,0
dbo,FactQHourlycNumDLLayerCodeword,DL_CQI-DlReceivedCQI5_Old,int,10,0
dbo,FactQHourlycNumDLLayerCodeword,DL_CQI-DlReceivedCQI6,int,10,0
dbo,FactQHourlycNumDLLayerCodeword,DL_CQI-DlReceivedCQI7_Old,int,10,0
dbo,FactQHourlycNumDLLayerCodeword,DL_CQI-DlReceivedCQI8,int,10,0
dbo,FactQHourlycNumDLLayerCodeword,DL_CQI-DlReceivedCQI9,int,10,0
dbo,FactQHourlycNumDLLayerCodeword,DL_CQI-DlReceivedCQI10,int,10,0
dbo,FactQHourlycNumDLLayerCodeword,DL_CQI-DlReceivedCQI11,int,10,0
dbo,FactQHourlycNumDLLayerCodeword,DL_CQI-DlReceivedCQI12,int,10,0
dbo,FactQHourlycNumDLLayerCodeword,DL_CQI-DlReceivedCQI13,int,10,0
dbo,FactQHourlycNumDLLayerCodeword,DL_CQI-DlReceivedCQI14,int,10,0
dbo,FactQHourlycNumDLLayerCodeword,DL_CQI-DlReceivedCQI15,int,10,0
dbo,FactQHourlycNumDLLayerCodeword,DL_CQI-DlReceivedCQIMin,int,10,0
dbo,FactQHourlycNumDLLayerCodeword,DL_CQI-DlReceivedCQIMax,int,10,0
dbo,FactQHourlycNumDLLayerCodeword,DL_CQI-DlReceivedCQIAvg,decimal,12,4
dbo,FactQHourlycNumDLLayerCodeword,DL_MCS-DlTransmittedMCS0,int,10,0
dbo,FactQHourlycNumDLLayerCodeword,DL_MCS-DlTransmittedMCS1,int,10,0
dbo,FactQHourlycNumDLLayerCodeword,DL_MCS-DlTransmittedMCS2,int,10,0
dbo,FactQHourlycNumDLLayerCodeword,DL_MCS-DlTransmittedMCS3,int,10,0
dbo,FactQHourlycNumDLLayerCodeword,DL_MCS-DlTransmittedMCS4,int,10,0
dbo,FactQHourlycNumDLLayerCodeword,DL_MCS-DlTransmittedMCS5,int,10,0
dbo,FactQHourlycNumDLLayerCodeword,DL_MCS-DlTransmittedMCS6,int,10,0
dbo,FactQHourlycNumDLLayerCodeword,DL_MCS-DlTransmittedMCS7,int,10,0
dbo,FactQHourlycNumDLLayerCodeword,DL_MCS-DlTransmittedMCS8,int,10,0
dbo,FactQHourlycNumDLLayerCodeword,DL_MCS-DlTransmittedMCS9,int,10,0
dbo,FactQHourlycNumDLLayerCodeword,DL_MCS-DlTransmittedMCS10,int,10,0
dbo,FactQHourlycNumDLLayerCodeword,DL_MCS-DlTransmittedMCS11,int,10,0
dbo,FactQHourlycNumDLLayerCodeword,DL_MCS-DlTransmittedMCS12,int,10,0
dbo,FactQHourlycNumDLLayerCodeword,DL_MCS-DlTransmittedMCS13,int,10,0
dbo,FactQHourlycNumDLLayerCodeword,DL_MCS-DlTransmittedMCS14,int,10,0
dbo,FactQHourlycNumDLLayerCodeword,DL_MCS-DlTransmittedMCS15,int,10,0
dbo,FactQHourlycNumDLLayerCodeword,DL_MCS-DlTransmittedMCS16,int,10,0
dbo,FactQHourlycNumDLLayerCodeword,DL_MCS-DlTransmittedMCS17,int,10,0
dbo,FactQHourlycNumDLLayerCodeword,DL_MCS-DlTransmittedMCS18,int,10,0
dbo,FactQHourlycNumDLLayerCodeword,DL_MCS-DlTransmittedMCS19,int,10,0
dbo,FactQHourlycNumDLLayerCodeword,DL_MCS-DlTransmittedMCS20,int,10,0
dbo,FactQHourlycNumDLLayerCodeword,DL_MCS-DlTransmittedMCS21,int,10,0
dbo,FactQHourlycNumDLLayerCodeword,DL_MCS-DlTransmittedMCS22,int,10,0
dbo,FactQHourlycNumDLLayerCodeword,DL_MCS-DlTransmittedMCS23,int,10,0
dbo,FactQHourlycNumDLLayerCodeword,DL_MCS-DlTransmittedMCS24,int,10,0
dbo,FactQHourlycNumDLLayerCodeword,DL_MCS-DlTransmittedMCS25,int,10,0
dbo,FactQHourlycNumDLLayerCodeword,DL_MCS-DlTransmittedMCS26,int,10,0
dbo,FactQHourlycNumDLLayerCodeword,DL_MCS-DlTransmittedMCS27,int,10,0
dbo,FactQHourlycNumDLLayerCodeword,DL_MCS-DlTransmittedMCS28,int,10,0
dbo,FactQHourlycNumDLLayerCodeword,DL_MCS-DlTransmittedMCS29,int,10,0
dbo,FactQHourlycNumDLLayerCodeword,DL_MCS-DlTransmittedMCS30,int,10,0
dbo,FactQHourlycNumDLLayerCodeword,DL_MCS-DlTransmittedMCS31,int,10,0
dbo,FactQHourlycNumDLLayerCodeword,Dimdatekey_UTC,int,10,0
dbo,FactQHourlycNumDLLayerCodeword,DimQHourkey_UTC,int,10,0
dbo,FactQHourlycNumDLLayerCodeword,DL_CQI-DlReceivedCQI0,bigint,19,0
dbo,FactQHourlycNumDLLayerCodeword,DL_CQI-DlReceivedCQI2,bigint,19,0
dbo,FactQHourlycNumDLLayerCodeword,DL_CQI-DlReceivedCQI5,bigint,19,0
dbo,FactQHourlycNumDLLayerCodeword,DL_CQI-DlReceivedCQI7,bigint,19,0
dbo,FactQHourlycNumDLLayerCodeword,DL_CQI-CQIErase,bigint,19,0
