﻿dbo,FactQHourlycNum3,FactQHourlycNum3Key,bigint,19,0
dbo,FactQHourlycNum3,DimDateKey,int,10,0
dbo,FactQHourlycNum3,DimQHourKey,int,10,0
dbo,FactQHourlycNum3,DimCNumKey,int,10,0
dbo,FactQHourlycNum3,ETLJobKey,bigint,19,0
dbo,FactQHourlycNum3,insertDate,datetime,NULL,NULL
dbo,FactQHourlycNum3,Dimdatekey_UTC,int,10,0
dbo,FactQHourlycNum3,DimQHourkey_UTC,int,10,0
dbo,FactQHourlycNum3,MCS_performance-PdschBLERperMCS0,decimal,12,4
dbo,FactQHourlycNum3,MCS_performance-PdschBLERperMCS1,decimal,12,4
dbo,FactQHourlycNum3,MCS_performance-PdschBLERperMCS2,decimal,12,4
dbo,FactQHourlycNum3,MCS_performance-PdschBLERperMCS3,decimal,12,4
dbo,FactQHourlycNum3,MCS_performance-PdschBLERperMCS4,decimal,12,4
dbo,FactQHourlycNum3,MCS_performance-PdschBLERperMCS5,decimal,12,4
dbo,FactQHourlycNum3,MCS_performance-PdschBLERperMCS6,decimal,12,4
dbo,FactQHourlycNum3,MCS_performance-PdschBLERperMCS7,decimal,12,4
dbo,FactQHourlycNum3,MCS_performance-PdschBLERperMCS8,decimal,12,4
dbo,FactQHourlycNum3,MCS_performance-PdschBLERperMCS9,decimal,12,4
dbo,FactQHourlycNum3,MCS_performance-PdschBLERperMCS10,decimal,12,4
dbo,FactQHourlycNum3,MCS_performance-PdschBLERperMCS11,decimal,12,4
dbo,FactQHourlycNum3,MCS_performance-PdschBLERperMCS12,decimal,12,4
dbo,FactQHourlycNum3,MCS_performance-PdschBLERperMCS13,decimal,12,4
dbo,FactQHourlycNum3,MCS_performance-PdschBLERperMCS14,decimal,12,4
dbo,FactQHourlycNum3,MCS_performance-PdschBLERperMCS15,decimal,12,4
dbo,FactQHourlycNum3,MCS_performance-PdschBLERperMCS16,decimal,12,4
dbo,FactQHourlycNum3,MCS_performance-PdschBLERperMCS17,decimal,12,4
dbo,FactQHourlycNum3,MCS_performance-PdschBLERperMCS18,decimal,12,4
dbo,FactQHourlycNum3,MCS_performance-PdschBLERperMCS19,decimal,12,4
dbo,FactQHourlycNum3,MCS_performance-PdschBLERperMCS20,decimal,12,4
dbo,FactQHourlycNum3,MCS_performance-PdschBLERperMCS21,decimal,12,4
dbo,FactQHourlycNum3,MCS_performance-PdschBLERperMCS22,decimal,12,4
dbo,FactQHourlycNum3,MCS_performance-PdschBLERperMCS23,decimal,12,4
dbo,FactQHourlycNum3,MCS_performance-PdschBLERperMCS24,decimal,12,4
dbo,FactQHourlycNum3,MCS_performance-PdschBLERperMCS25,decimal,12,4
dbo,FactQHourlycNum3,MCS_performance-PdschBLERperMCS26,decimal,12,4
dbo,FactQHourlycNum3,MCS_performance-PdschBLERperMCS27,decimal,12,4
dbo,FactQHourlycNum3,MCS_performance-PdschBLERperMCS28,decimal,12,4
dbo,FactQHourlycNum3,MCS_performance-PdschBLERperMCS29,decimal,12,4
dbo,FactQHourlycNum3,MCS_performance-PdschBLERperMCS30,decimal,12,4
dbo,FactQHourlycNum3,MCS_performance-PdschBLERperMCS31,decimal,12,4
dbo,FactQHourlycNum3,MCS_performance-PdschBLERperMCS0_Tot,decimal,12,4
dbo,FactQHourlycNum3,MCS_performance-PdschBLERperMCS1_Tot,decimal,12,4
dbo,FactQHourlycNum3,MCS_performance-PdschBLERperMCS2_Tot,decimal,12,4
dbo,FactQHourlycNum3,MCS_performance-PdschBLERperMCS3_Tot,decimal,12,4
dbo,FactQHourlycNum3,MCS_performance-PdschBLERperMCS4_Tot,decimal,12,4
dbo,FactQHourlycNum3,MCS_performance-PdschBLERperMCS5_Tot,decimal,12,4
dbo,FactQHourlycNum3,MCS_performance-PdschBLERperMCS6_Tot,decimal,12,4
dbo,FactQHourlycNum3,MCS_performance-PdschBLERperMCS7_Tot,decimal,12,4
dbo,FactQHourlycNum3,MCS_performance-PdschBLERperMCS8_Tot,decimal,12,4
dbo,FactQHourlycNum3,MCS_performance-PdschBLERperMCS9_Tot,decimal,12,4
dbo,FactQHourlycNum3,MCS_performance-PdschBLERperMCS10_Tot,decimal,12,4
dbo,FactQHourlycNum3,MCS_performance-PdschBLERperMCS11_Tot,decimal,12,4
dbo,FactQHourlycNum3,MCS_performance-PdschBLERperMCS12_Tot,decimal,12,4
dbo,FactQHourlycNum3,MCS_performance-PdschBLERperMCS13_Tot,decimal,12,4
dbo,FactQHourlycNum3,MCS_performance-PdschBLERperMCS14_Tot,decimal,12,4
dbo,FactQHourlycNum3,MCS_performance-PdschBLERperMCS15_Tot,decimal,12,4
dbo,FactQHourlycNum3,MCS_performance-PdschBLERperMCS16_Tot,decimal,12,4
dbo,FactQHourlycNum3,MCS_performance-PdschBLERperMCS17_Tot,decimal,12,4
dbo,FactQHourlycNum3,MCS_performance-PdschBLERperMCS18_Tot,decimal,12,4
dbo,FactQHourlycNum3,MCS_performance-PdschBLERperMCS19_Tot,decimal,12,4
dbo,FactQHourlycNum3,MCS_performance-PdschBLERperMCS20_Tot,decimal,12,4
dbo,FactQHourlycNum3,MCS_performance-PdschBLERperMCS21_Tot,decimal,12,4
dbo,FactQHourlycNum3,MCS_performance-PdschBLERperMCS22_Tot,decimal,12,4
dbo,FactQHourlycNum3,MCS_performance-PdschBLERperMCS23_Tot,decimal,12,4
dbo,FactQHourlycNum3,MCS_performance-PdschBLERperMCS24_Tot,decimal,12,4
dbo,FactQHourlycNum3,MCS_performance-PdschBLERperMCS25_Tot,decimal,12,4
dbo,FactQHourlycNum3,MCS_performance-PdschBLERperMCS26_Tot,decimal,12,4
dbo,FactQHourlycNum3,MCS_performance-PdschBLERperMCS27_Tot,decimal,12,4
dbo,FactQHourlycNum3,MCS_performance-PdschBLERperMCS28_Tot,decimal,12,4
dbo,FactQHourlycNum3,MCS_performance-PdschBLERperMCS29_Tot,decimal,12,4
dbo,FactQHourlycNum3,MCS_performance-PdschBLERperMCS30_Tot,decimal,12,4
dbo,FactQHourlycNum3,MCS_performance-PdschBLERperMCS31_Tot,decimal,12,4
dbo,FactQHourlycNum3,MCS_performance-PdschBLERperMCS0_Cnt,int,10,0
dbo,FactQHourlycNum3,MCS_performance-PdschBLERperMCS1_Cnt,int,10,0
dbo,FactQHourlycNum3,MCS_performance-PdschBLERperMCS2_Cnt,int,10,0
dbo,FactQHourlycNum3,MCS_performance-PdschBLERperMCS3_Cnt,int,10,0
dbo,FactQHourlycNum3,MCS_performance-PdschBLERperMCS4_Cnt,int,10,0
dbo,FactQHourlycNum3,MCS_performance-PdschBLERperMCS5_Cnt,int,10,0
dbo,FactQHourlycNum3,MCS_performance-PdschBLERperMCS6_Cnt,int,10,0
dbo,FactQHourlycNum3,MCS_performance-PdschBLERperMCS7_Cnt,int,10,0
dbo,FactQHourlycNum3,MCS_performance-PdschBLERperMCS8_Cnt,int,10,0
dbo,FactQHourlycNum3,MCS_performance-PdschBLERperMCS9_Cnt,int,10,0
dbo,FactQHourlycNum3,MCS_performance-PdschBLERperMCS10_Cnt,bigint,19,0
dbo,FactQHourlycNum3,MCS_performance-PdschBLERperMCS11_Cnt,int,10,0
dbo,FactQHourlycNum3,MCS_performance-PdschBLERperMCS12_Cnt,int,10,0
dbo,FactQHourlycNum3,MCS_performance-PdschBLERperMCS13_Cnt,int,10,0
dbo,FactQHourlycNum3,MCS_performance-PdschBLERperMCS14_Cnt,int,10,0
dbo,FactQHourlycNum3,MCS_performance-PdschBLERperMCS15_Cnt,int,10,0
dbo,FactQHourlycNum3,MCS_performance-PdschBLERperMCS16_Cnt,int,10,0
dbo,FactQHourlycNum3,MCS_performance-PdschBLERperMCS17_Cnt,int,10,0
dbo,FactQHourlycNum3,MCS_performance-PdschBLERperMCS18_Cnt,int,10,0
dbo,FactQHourlycNum3,MCS_performance-PdschBLERperMCS19_Cnt,int,10,0
dbo,FactQHourlycNum3,MCS_performance-PdschBLERperMCS20_Cnt,int,10,0
dbo,FactQHourlycNum3,MCS_performance-PdschBLERperMCS21_Cnt,int,10,0
dbo,FactQHourlycNum3,MCS_performance-PdschBLERperMCS22_Cnt,int,10,0
dbo,FactQHourlycNum3,MCS_performance-PdschBLERperMCS23_Cnt,int,10,0
dbo,FactQHourlycNum3,MCS_performance-PdschBLERperMCS24_Cnt,int,10,0
dbo,FactQHourlycNum3,MCS_performance-PdschBLERperMCS25_Cnt,int,10,0
dbo,FactQHourlycNum3,MCS_performance-PdschBLERperMCS26_Cnt,int,10,0
dbo,FactQHourlycNum3,MCS_performance-PdschBLERperMCS27_Cnt,int,10,0
dbo,FactQHourlycNum3,MCS_performance-PdschBLERperMCS28_Cnt,int,10,0
dbo,FactQHourlycNum3,MCS_performance-PdschBLERperMCS29_Cnt,int,10,0
dbo,FactQHourlycNum3,MCS_performance-PdschBLERperMCS30_Cnt,int,10,0
dbo,FactQHourlycNum3,MCS_performance-PdschBLERperMCS31_Cnt,int,10,0
dbo,FactQHourlycNum3,MCS_performance-PuschBLERperMCS0,decimal,12,4
dbo,FactQHourlycNum3,MCS_performance-PuschBLERperMCS1,decimal,12,4
dbo,FactQHourlycNum3,MCS_performance-PuschBLERperMCS2,decimal,12,4
dbo,FactQHourlycNum3,MCS_performance-PuschBLERperMCS3,decimal,12,4
dbo,FactQHourlycNum3,MCS_performance-PuschBLERperMCS4,decimal,12,4
dbo,FactQHourlycNum3,MCS_performance-PuschBLERperMCS5,decimal,12,4
dbo,FactQHourlycNum3,MCS_performance-PuschBLERperMCS6,decimal,12,4
dbo,FactQHourlycNum3,MCS_performance-PuschBLERperMCS7,decimal,12,4
dbo,FactQHourlycNum3,MCS_performance-PuschBLERperMCS8,decimal,12,4
dbo,FactQHourlycNum3,MCS_performance-PuschBLERperMCS9,decimal,12,4
dbo,FactQHourlycNum3,MCS_performance-PuschBLERperMCS10,decimal,12,4
dbo,FactQHourlycNum3,MCS_performance-PuschBLERperMCS11,decimal,12,4
dbo,FactQHourlycNum3,MCS_performance-PuschBLERperMCS12,decimal,12,4
dbo,FactQHourlycNum3,MCS_performance-PuschBLERperMCS13,decimal,12,4
dbo,FactQHourlycNum3,MCS_performance-PuschBLERperMCS14,decimal,12,4
dbo,FactQHourlycNum3,MCS_performance-PuschBLERperMCS15,decimal,12,4
dbo,FactQHourlycNum3,MCS_performance-PuschBLERperMCS16,decimal,12,4
dbo,FactQHourlycNum3,MCS_performance-PuschBLERperMCS17,decimal,12,4
dbo,FactQHourlycNum3,MCS_performance-PuschBLERperMCS18,decimal,12,4
dbo,FactQHourlycNum3,MCS_performance-PuschBLERperMCS19,decimal,12,4
dbo,FactQHourlycNum3,MCS_performance-PuschBLERperMCS20,decimal,12,4
dbo,FactQHourlycNum3,MCS_performance-PuschBLERperMCS21,decimal,12,4
dbo,FactQHourlycNum3,MCS_performance-PuschBLERperMCS22,decimal,12,4
dbo,FactQHourlycNum3,MCS_performance-PuschBLERperMCS23,decimal,12,4
dbo,FactQHourlycNum3,MCS_performance-PuschBLERperMCS24,decimal,12,4
dbo,FactQHourlycNum3,MCS_performance-PuschBLERperMCS25,decimal,12,4
dbo,FactQHourlycNum3,MCS_performance-PuschBLERperMCS26,decimal,12,4
dbo,FactQHourlycNum3,MCS_performance-PuschBLERperMCS27,decimal,12,4
dbo,FactQHourlycNum3,MCS_performance-PuschBLERperMCS28,decimal,12,4
dbo,FactQHourlycNum3,MCS_performance-PuschBLERperMCS29,decimal,12,4
dbo,FactQHourlycNum3,MCS_performance-PuschBLERperMCS30,decimal,12,4
dbo,FactQHourlycNum3,MCS_performance-PuschBLERperMCS31,decimal,12,4
dbo,FactQHourlycNum3,MCS_performance-PuschBLERperMCS0_Tot,decimal,12,4
dbo,FactQHourlycNum3,MCS_performance-PuschBLERperMCS1_Tot,decimal,12,4
dbo,FactQHourlycNum3,MCS_performance-PuschBLERperMCS2_Tot,decimal,12,4
dbo,FactQHourlycNum3,MCS_performance-PuschBLERperMCS3_Tot,decimal,12,4
dbo,FactQHourlycNum3,MCS_performance-PuschBLERperMCS4_Tot,decimal,12,4
dbo,FactQHourlycNum3,MCS_performance-PuschBLERperMCS5_Tot,decimal,12,4
dbo,FactQHourlycNum3,MCS_performance-PuschBLERperMCS6_Tot,decimal,12,4
dbo,FactQHourlycNum3,MCS_performance-PuschBLERperMCS7_Tot,decimal,12,4
dbo,FactQHourlycNum3,MCS_performance-PuschBLERperMCS8_Tot,decimal,12,4
dbo,FactQHourlycNum3,MCS_performance-PuschBLERperMCS9_Tot,decimal,12,4
dbo,FactQHourlycNum3,MCS_performance-PuschBLERperMCS10_Tot,decimal,12,4
dbo,FactQHourlycNum3,MCS_performance-PuschBLERperMCS11_Tot,decimal,12,4
dbo,FactQHourlycNum3,MCS_performance-PuschBLERperMCS12_Tot,decimal,12,4
dbo,FactQHourlycNum3,MCS_performance-PuschBLERperMCS13_Tot,decimal,12,4
dbo,FactQHourlycNum3,MCS_performance-PuschBLERperMCS14_Tot,decimal,12,4
dbo,FactQHourlycNum3,MCS_performance-PuschBLERperMCS15_Tot,decimal,12,4
dbo,FactQHourlycNum3,MCS_performance-PuschBLERperMCS16_Tot,decimal,12,4
dbo,FactQHourlycNum3,MCS_performance-PuschBLERperMCS17_Tot,decimal,12,4
dbo,FactQHourlycNum3,MCS_performance-PuschBLERperMCS18_Tot,decimal,12,4
dbo,FactQHourlycNum3,MCS_performance-PuschBLERperMCS19_Tot,decimal,12,4
dbo,FactQHourlycNum3,MCS_performance-PuschBLERperMCS20_Tot,decimal,12,4
dbo,FactQHourlycNum3,MCS_performance-PuschBLERperMCS21_Tot,decimal,12,4
dbo,FactQHourlycNum3,MCS_performance-PuschBLERperMCS22_Tot,decimal,12,4
dbo,FactQHourlycNum3,MCS_performance-PuschBLERperMCS23_Tot,decimal,12,4
dbo,FactQHourlycNum3,MCS_performance-PuschBLERperMCS24_Tot,decimal,12,4
dbo,FactQHourlycNum3,MCS_performance-PuschBLERperMCS25_Tot,decimal,12,4
dbo,FactQHourlycNum3,MCS_performance-PuschBLERperMCS26_Tot,decimal,12,4
dbo,FactQHourlycNum3,MCS_performance-PuschBLERperMCS27_Tot,decimal,12,4
dbo,FactQHourlycNum3,MCS_performance-PuschBLERperMCS28_Tot,decimal,12,4
dbo,FactQHourlycNum3,MCS_performance-PuschBLERperMCS29_Tot,decimal,12,4
dbo,FactQHourlycNum3,MCS_performance-PuschBLERperMCS30_Tot,decimal,12,4
dbo,FactQHourlycNum3,MCS_performance-PuschBLERperMCS31_Tot,decimal,12,4
dbo,FactQHourlycNum3,MCS_performance-PuschBLERperMCS0_Cnt,int,10,0
dbo,FactQHourlycNum3,MCS_performance-PuschBLERperMCS1_Cnt,int,10,0
dbo,FactQHourlycNum3,MCS_performance-PuschBLERperMCS2_Cnt,int,10,0
dbo,FactQHourlycNum3,MCS_performance-PuschBLERperMCS3_Cnt,int,10,0
dbo,FactQHourlycNum3,MCS_performance-PuschBLERperMCS4_Cnt,int,10,0
dbo,FactQHourlycNum3,MCS_performance-PuschBLERperMCS5_Cnt,int,10,0
dbo,FactQHourlycNum3,MCS_performance-PuschBLERperMCS6_Cnt,int,10,0
dbo,FactQHourlycNum3,MCS_performance-PuschBLERperMCS7_Cnt,int,10,0
dbo,FactQHourlycNum3,MCS_performance-PuschBLERperMCS8_Cnt,int,10,0
dbo,FactQHourlycNum3,MCS_performance-PuschBLERperMCS9_Cnt,int,10,0
dbo,FactQHourlycNum3,MCS_performance-PuschBLERperMCS10_Cnt,int,10,0
dbo,FactQHourlycNum3,MCS_performance-PuschBLERperMCS11_Cnt,int,10,0
dbo,FactQHourlycNum3,MCS_performance-PuschBLERperMCS12_Cnt,int,10,0
dbo,FactQHourlycNum3,MCS_performance-PuschBLERperMCS13_Cnt,int,10,0
dbo,FactQHourlycNum3,MCS_performance-PuschBLERperMCS14_Cnt,int,10,0
dbo,FactQHourlycNum3,MCS_performance-PuschBLERperMCS15_Cnt,int,10,0
dbo,FactQHourlycNum3,MCS_performance-PuschBLERperMCS16_Cnt,int,10,0
dbo,FactQHourlycNum3,MCS_performance-PuschBLERperMCS17_Cnt,int,10,0
dbo,FactQHourlycNum3,MCS_performance-PuschBLERperMCS18_Cnt,int,10,0
dbo,FactQHourlycNum3,MCS_performance-PuschBLERperMCS19_Cnt,int,10,0
dbo,FactQHourlycNum3,MCS_performance-PuschBLERperMCS20_Cnt,int,10,0
dbo,FactQHourlycNum3,MCS_performance-PuschBLERperMCS21_Cnt,int,10,0
dbo,FactQHourlycNum3,MCS_performance-PuschBLERperMCS22_Cnt,int,10,0
dbo,FactQHourlycNum3,MCS_performance-PuschBLERperMCS23_Cnt,int,10,0
dbo,FactQHourlycNum3,MCS_performance-PuschBLERperMCS24_Cnt,int,10,0
dbo,FactQHourlycNum3,MCS_performance-PuschBLERperMCS25_Cnt,int,10,0
dbo,FactQHourlycNum3,MCS_performance-PuschBLERperMCS26_Cnt,int,10,0
dbo,FactQHourlycNum3,MCS_performance-PuschBLERperMCS27_Cnt,int,10,0
dbo,FactQHourlycNum3,MCS_performance-PuschBLERperMCS28_Cnt,int,10,0
dbo,FactQHourlycNum3,MCS_performance-PuschBLERperMCS29_Cnt,int,10,0
dbo,FactQHourlycNum3,MCS_performance-PuschBLERperMCS30_Cnt,int,10,0
dbo,FactQHourlycNum3,MCS_performance-PuschBLERperMCS31_Cnt,int,10,0
dbo,FactQHourlycNum3,MCS_performance-UlReceivedMCS0,int,10,0
dbo,FactQHourlycNum3,MCS_performance-UlReceivedMCS1,int,10,0
dbo,FactQHourlycNum3,MCS_performance-UlReceivedMCS2,int,10,0
dbo,FactQHourlycNum3,MCS_performance-UlReceivedMCS3,int,10,0
dbo,FactQHourlycNum3,MCS_performance-UlReceivedMCS4,int,10,0
dbo,FactQHourlycNum3,MCS_performance-UlReceivedMCS5,int,10,0
dbo,FactQHourlycNum3,MCS_performance-UlReceivedMCS6,int,10,0
dbo,FactQHourlycNum3,MCS_performance-UlReceivedMCS7,int,10,0
dbo,FactQHourlycNum3,MCS_performance-UlReceivedMCS8,int,10,0
dbo,FactQHourlycNum3,MCS_performance-UlReceivedMCS9,int,10,0
dbo,FactQHourlycNum3,MCS_performance-UlReceivedMCS10,int,10,0
dbo,FactQHourlycNum3,MCS_performance-UlReceivedMCS11,int,10,0
dbo,FactQHourlycNum3,MCS_performance-UlReceivedMCS12,int,10,0
dbo,FactQHourlycNum3,MCS_performance-UlReceivedMCS13,int,10,0
dbo,FactQHourlycNum3,MCS_performance-UlReceivedMCS14,int,10,0
dbo,FactQHourlycNum3,MCS_performance-UlReceivedMCS15,int,10,0
dbo,FactQHourlycNum3,MCS_performance-UlReceivedMCS16,int,10,0
dbo,FactQHourlycNum3,MCS_performance-UlReceivedMCS17,int,10,0
dbo,FactQHourlycNum3,MCS_performance-UlReceivedMCS18,int,10,0
dbo,FactQHourlycNum3,MCS_performance-UlReceivedMCS19,int,10,0
dbo,FactQHourlycNum3,MCS_performance-UlReceivedMCS20,int,10,0
dbo,FactQHourlycNum3,MCS_performance-UlReceivedMCS21,int,10,0
dbo,FactQHourlycNum3,MCS_performance-UlReceivedMCS22,int,10,0
dbo,FactQHourlycNum3,MCS_performance-UlReceivedMCS23,int,10,0
dbo,FactQHourlycNum3,MCS_performance-UlReceivedMCS24,int,10,0
dbo,FactQHourlycNum3,MCS_performance-UlReceivedMCS25,int,10,0
dbo,FactQHourlycNum3,MCS_performance-UlReceivedMCS26,int,10,0
dbo,FactQHourlycNum3,MCS_performance-UlReceivedMCS27,int,10,0
dbo,FactQHourlycNum3,MCS_performance-UlReceivedMCS28,int,10,0
dbo,FactQHourlycNum3,MCS_performance-UlReceivedMCS29,int,10,0
dbo,FactQHourlycNum3,MCS_performance-UlReceivedMCS30,int,10,0
dbo,FactQHourlycNum3,MCS_performance-UlReceivedMCS31,int,10,0
dbo,FactQHourlycNum3,MCS_performance-DlSchedulerMCS0,int,10,0
dbo,FactQHourlycNum3,MCS_performance-DlSchedulerMCS1,int,10,0
dbo,FactQHourlycNum3,MCS_performance-DlSchedulerMCS2,int,10,0
dbo,FactQHourlycNum3,MCS_performance-DlSchedulerMCS3,int,10,0
dbo,FactQHourlycNum3,MCS_performance-DlSchedulerMCS4,int,10,0
dbo,FactQHourlycNum3,MCS_performance-DlSchedulerMCS5,int,10,0
dbo,FactQHourlycNum3,MCS_performance-DlSchedulerMCS6,int,10,0
dbo,FactQHourlycNum3,MCS_performance-DlSchedulerMCS7,int,10,0
dbo,FactQHourlycNum3,MCS_performance-DlSchedulerMCS8,int,10,0
dbo,FactQHourlycNum3,MCS_performance-DlSchedulerMCS9,int,10,0
dbo,FactQHourlycNum3,MCS_performance-DlSchedulerMCS10,int,10,0
dbo,FactQHourlycNum3,MCS_performance-DlSchedulerMCS11,int,10,0
dbo,FactQHourlycNum3,MCS_performance-DlSchedulerMCS12,int,10,0
dbo,FactQHourlycNum3,MCS_performance-DlSchedulerMCS13,int,10,0
dbo,FactQHourlycNum3,MCS_performance-DlSchedulerMCS14,int,10,0
dbo,FactQHourlycNum3,MCS_performance-DlSchedulerMCS15,int,10,0
dbo,FactQHourlycNum3,MCS_performance-DlSchedulerMCS16,int,10,0
dbo,FactQHourlycNum3,MCS_performance-DlSchedulerMCS17,int,10,0
dbo,FactQHourlycNum3,MCS_performance-DlSchedulerMCS18,int,10,0
dbo,FactQHourlycNum3,MCS_performance-DlSchedulerMCS19,int,10,0
dbo,FactQHourlycNum3,MCS_performance-DlSchedulerMCS20,int,10,0
dbo,FactQHourlycNum3,MCS_performance-DlSchedulerMCS21,int,10,0
dbo,FactQHourlycNum3,MCS_performance-DlSchedulerMCS22,int,10,0
dbo,FactQHourlycNum3,MCS_performance-DlSchedulerMCS23,int,10,0
dbo,FactQHourlycNum3,MCS_performance-DlSchedulerMCS24,int,10,0
dbo,FactQHourlycNum3,MCS_performance-DlSchedulerMCS25,int,10,0
dbo,FactQHourlycNum3,MCS_performance-DlSchedulerMCS26,int,10,0
dbo,FactQHourlycNum3,MCS_performance-DlSchedulerMCS27,int,10,0
dbo,FactQHourlycNum3,MCS_performance-DlSchedulerMCS28,int,10,0
dbo,FactQHourlycNum3,MCS_performance-DlSchedulerMCS29,int,10,0
dbo,FactQHourlycNum3,MCS_performance-DlSchedulerMCS30,int,10,0
dbo,FactQHourlycNum3,MCS_performance-DlSchedulerMCS31,int,10,0
dbo,FactQHourlycNum3,MCS_performance-UlSchedulerMCS0,int,10,0
dbo,FactQHourlycNum3,MCS_performance-UlSchedulerMCS1,int,10,0
dbo,FactQHourlycNum3,MCS_performance-UlSchedulerMCS2,int,10,0
dbo,FactQHourlycNum3,MCS_performance-UlSchedulerMCS3,int,10,0
dbo,FactQHourlycNum3,MCS_performance-UlSchedulerMCS4,int,10,0
dbo,FactQHourlycNum3,MCS_performance-UlSchedulerMCS5,int,10,0
dbo,FactQHourlycNum3,MCS_performance-UlSchedulerMCS6,int,10,0
dbo,FactQHourlycNum3,MCS_performance-UlSchedulerMCS7,int,10,0
dbo,FactQHourlycNum3,MCS_performance-UlSchedulerMCS8,int,10,0
dbo,FactQHourlycNum3,MCS_performance-UlSchedulerMCS9,int,10,0
dbo,FactQHourlycNum3,MCS_performance-UlSchedulerMCS10,int,10,0
dbo,FactQHourlycNum3,MCS_performance-UlSchedulerMCS11,int,10,0
dbo,FactQHourlycNum3,MCS_performance-UlSchedulerMCS12,int,10,0
dbo,FactQHourlycNum3,MCS_performance-UlSchedulerMCS13,int,10,0
dbo,FactQHourlycNum3,MCS_performance-UlSchedulerMCS14,int,10,0
dbo,FactQHourlycNum3,MCS_performance-UlSchedulerMCS15,int,10,0
dbo,FactQHourlycNum3,MCS_performance-UlSchedulerMCS16,int,10,0
dbo,FactQHourlycNum3,MCS_performance-UlSchedulerMCS17,int,10,0
dbo,FactQHourlycNum3,MCS_performance-UlSchedulerMCS18,int,10,0
dbo,FactQHourlycNum3,MCS_performance-UlSchedulerMCS19,int,10,0
dbo,FactQHourlycNum3,MCS_performance-UlSchedulerMCS20,int,10,0
dbo,FactQHourlycNum3,MCS_performance-UlSchedulerMCS21,int,10,0
dbo,FactQHourlycNum3,MCS_performance-UlSchedulerMCS22,int,10,0
dbo,FactQHourlycNum3,MCS_performance-UlSchedulerMCS23,int,10,0
dbo,FactQHourlycNum3,MCS_performance-UlSchedulerMCS24,int,10,0
dbo,FactQHourlycNum3,MCS_performance-UlSchedulerMCS25,int,10,0
dbo,FactQHourlycNum3,MCS_performance-UlSchedulerMCS26,int,10,0
dbo,FactQHourlycNum3,MCS_performance-UlSchedulerMCS27,int,10,0
dbo,FactQHourlycNum3,MCS_performance-UlSchedulerMCS28,int,10,0
dbo,FactQHourlycNum3,MCS_performance-UlSchedulerMCS29,int,10,0
dbo,FactQHourlycNum3,MCS_performance-UlSchedulerMCS30,int,10,0
dbo,FactQHourlycNum3,MCS_performance-UlSchedulerMCS31,int,10,0
dbo,FactQHourlycNum3,RRC_Connection_Reconfiguration-SCellAddCount,bigint,19,0
dbo,FactQHourlycNum3,RRC_Connection_Reconfiguration-SCellReleaseCount,bigint,19,0
dbo,FactQHourlycNum3,Measurement_results_of_Source_Cell-HoTriggeringScell_RSRP_EventA3Avg,bigint,19,0
dbo,FactQHourlycNum3,Measurement_results_of_Source_Cell-HoTriggeringScell_RSRP_EventA3Min,decimal,30,4
dbo,FactQHourlycNum3,Measurement_results_of_Source_Cell-HoTriggeringScell_RSRP_EventA3Max,decimal,30,4
dbo,FactQHourlycNum3,Measurement_results_of_Source_Cell-HoTriggeringScell_RSRP_EventA3Tot,decimal,30,4
dbo,FactQHourlycNum3,Measurement_results_of_Source_Cell-HoTriggeringScell_RSRP_EventA3Cnt,decimal,30,4
dbo,FactQHourlycNum3,Measurement_results_of_Source_Cell-HoTriggeringScell_RSRQ_EventA3Avg,bigint,19,0
dbo,FactQHourlycNum3,Measurement_results_of_Source_Cell-HoTriggeringScell_RSRQ_EventA3Min,decimal,30,4
dbo,FactQHourlycNum3,Measurement_results_of_Source_Cell-HoTriggeringScell_RSRQ_EventA3Max,decimal,30,4
dbo,FactQHourlycNum3,Measurement_results_of_Source_Cell-HoTriggeringScell_RSRQ_EventA3Tot,decimal,30,4
dbo,FactQHourlycNum3,Measurement_results_of_Source_Cell-HoTriggeringScell_RSRQ_EventA3Cnt,decimal,30,4
dbo,FactQHourlycNum3,Measurement_results_of_Source_Cell-HoTriggeringScell_RSRP_EventA4Avg,bigint,19,0
dbo,FactQHourlycNum3,Measurement_results_of_Source_Cell-HoTriggeringScell_RSRP_EventA4Min,decimal,30,4
dbo,FactQHourlycNum3,Measurement_results_of_Source_Cell-HoTriggeringScell_RSRP_EventA4Max,decimal,30,4
dbo,FactQHourlycNum3,Measurement_results_of_Source_Cell-HoTriggeringScell_RSRP_EventA4Tot,decimal,30,4
dbo,FactQHourlycNum3,Measurement_results_of_Source_Cell-HoTriggeringScell_RSRP_EventA4Cnt,decimal,30,4
dbo,FactQHourlycNum3,Measurement_results_of_Source_Cell-HoTriggeringScell_RSRQ_EventA4Avg,bigint,19,0
dbo,FactQHourlycNum3,Measurement_results_of_Source_Cell-HoTriggeringScell_RSRQ_EventA4Min,decimal,30,4
dbo,FactQHourlycNum3,Measurement_results_of_Source_Cell-HoTriggeringScell_RSRQ_EventA4Max,decimal,30,4
dbo,FactQHourlycNum3,Measurement_results_of_Source_Cell-HoTriggeringScell_RSRQ_EventA4Tot,decimal,30,4
dbo,FactQHourlycNum3,Measurement_results_of_Source_Cell-HoTriggeringScell_RSRQ_EventA4Cnt,decimal,30,4
dbo,FactQHourlycNum3,Measurement_results_of_Source_Cell-HoTriggeringScell_RSRP_EventA5Avg,bigint,19,0
dbo,FactQHourlycNum3,Measurement_results_of_Source_Cell-HoTriggeringScell_RSRP_EventA5Min,decimal,30,4
dbo,FactQHourlycNum3,Measurement_results_of_Source_Cell-HoTriggeringScell_RSRP_EventA5Max,decimal,30,4
dbo,FactQHourlycNum3,Measurement_results_of_Source_Cell-HoTriggeringScell_RSRP_EventA5Tot,decimal,30,4
dbo,FactQHourlycNum3,Measurement_results_of_Source_Cell-HoTriggeringScell_RSRP_EventA5Cnt,decimal,30,4
dbo,FactQHourlycNum3,Measurement_results_of_Source_Cell-HoTriggeringScell_RSRQ_EventA5Avg,bigint,19,0
dbo,FactQHourlycNum3,Measurement_results_of_Source_Cell-HoTriggeringScell_RSRQ_EventA5Min,decimal,30,4
dbo,FactQHourlycNum3,Measurement_results_of_Source_Cell-HoTriggeringScell_RSRQ_EventA5Max,decimal,30,4
dbo,FactQHourlycNum3,Measurement_results_of_Source_Cell-HoTriggeringScell_RSRQ_EventA5Tot,decimal,30,4
dbo,FactQHourlycNum3,Measurement_results_of_Source_Cell-HoTriggeringScell_RSRQ_EventA5Cnt,decimal,30,4
dbo,FactQHourlycNum3,Rach_Usage-Preamblesent1,bigint,19,0
dbo,FactQHourlycNum3,Rach_Usage-Preamblesent2,bigint,19,0
dbo,FactQHourlycNum3,Rach_Usage-Preamblesent3,bigint,19,0
dbo,FactQHourlycNum3,Rach_Usage-Preamblesent4,bigint,19,0
dbo,FactQHourlycNum3,Rach_Usage-Preamblesent5,bigint,19,0
dbo,FactQHourlycNum3,Rach_Usage-Preamblesent6,bigint,19,0
dbo,FactQHourlycNum3,Rach_Usage-Preamblesent7,bigint,19,0
dbo,FactQHourlycNum3,Rach_Usage-Preamblesent8,bigint,19,0
dbo,FactQHourlycNum3,Rach_Usage-Preamblesent9,bigint,19,0
dbo,FactQHourlycNum3,Rach_Usage-RachContention,decimal,30,4
dbo,FactQHourlycNum3,Rach_Usage-RachContentionTot,bigint,19,0
dbo,FactQHourlycNum3,Rach_Usage-RachContentionCnt,bigint,19,0
dbo,FactQHourlycNum3,Rach_Usage-RachReportsRcvNum,bigint,19,0
dbo,FactQHourlycNum3,Inter_eNB_X2_In_Handover_by_Sendback-UnloadingInAtt,bigint,19,0
dbo,FactQHourlycNum3,Inter_eNB_X2_In_Handover_by_Sendback-UnloadingInPreSucc,bigint,19,0
dbo,FactQHourlycNum3,Inter_eNB_X2_In_Handover_by_Sendback-UnloadingInSucc,bigint,19,0
dbo,FactQHourlycNum3,Redirection_Statistics_by_LB-LBRedirectiontoLTE,bigint,19,0
dbo,FactQHourlycNum3,Redirection_Statistics_by_LB-LBRedirectiontoWCDMA,bigint,19,0
dbo,FactQHourlycNum3,Redirection_Statistics_by_LB-LBRedirectiontoGSM,bigint,19,0
dbo,FactQHourlycNum3,Redirection_Statistics_by_LB-LBRedirectiontoHRPD,bigint,19,0
