﻿dbo,FactQHourlycNum2,FactQHourlycNum2Key,bigint,19,0
dbo,FactQHourlycNum2,DimDateKey,int,10,0
dbo,FactQHourlycNum2,DimQHourKey,int,10,0
dbo,FactQHourlycNum2,DimCNumKey,int,10,0
dbo,FactQHourlycNum2,ETLJobKey,bigint,19,0
dbo,FactQHourlycNum2,insertDate,datetime,NULL,NULL
dbo,FactQHourlycNum2,MOBILITY-EutranMobilityHOIntra,decimal,12,4
dbo,FactQHourlycNum2,MOBILITY-sumHOIntra_Att,int,10,0
dbo,FactQHourlycNum2,MOBILITY-sumHOIntra_Succ,int,10,0
dbo,FactQHourlycNum2,MOBILITY-sumHOIntra_PrepSucc,int,10,0
dbo,FactQHourlycNum2,MOBILITY-EutranMobilityHOX2Out,decimal,12,4
dbo,FactQHourlycNum2,MOBILITY-sumHOX2Out_Att,int,10,0
dbo,FactQHourlycNum2,MOBILITY-sumHOX2Out_Succ,int,10,0
dbo,FactQHourlycNum2,MOBILITY-sumHOX2Out_PrepSucc,int,10,0
dbo,FactQHourlycNum2,MOBILITY-EutranMobilityHOX2In,decimal,12,4
dbo,FactQHourlycNum2,MOBILITY-sumHOX2In_Att,int,10,0
dbo,FactQHourlycNum2,MOBILITY-sumHOX2In_Succ,int,10,0
dbo,FactQHourlycNum2,MOBILITY-sumHOX2In_PrepSucc,int,10,0
dbo,FactQHourlycNum2,MOBILITY-EutranMobilityHOS1Out,decimal,12,4
dbo,FactQHourlycNum2,MOBILITY-sumHOS1Out_Att,int,10,0
dbo,FactQHourlycNum2,MOBILITY-sumHOS1Out_Succ,int,10,0
dbo,FactQHourlycNum2,MOBILITY-sumHOS1Out_PrepSucc,int,10,0
dbo,FactQHourlycNum2,MOBILITY-EutranMobilityHOS1In,decimal,12,4
dbo,FactQHourlycNum2,MOBILITY-sumHOS1In_Att,int,10,0
dbo,FactQHourlycNum2,MOBILITY-sumHOS1In_Succ,int,10,0
dbo,FactQHourlycNum2,MOBILITY-sumHOS1In_PrepSucc,int,10,0
dbo,FactQHourlycNum2,MOBILITY-EutranMobilityHOInterRatHrpd,decimal,12,4
dbo,FactQHourlycNum2,MOBILITY-sumHOInterRatHrpd_Att,int,10,0
dbo,FactQHourlycNum2,MOBILITY-sumHOInterRatHrpd_Succ,int,10,0
dbo,FactQHourlycNum2,MOBILITY-sumHOInterRatHrpd_PrepSucc,int,10,0
dbo,FactQHourlycNum2,MOBILITY-EutranMobilityHOInterRatUtranOut,decimal,12,4
dbo,FactQHourlycNum2,MOBILITY-sumHOInterRatUtranOut_Att,int,10,0
dbo,FactQHourlycNum2,MOBILITY-sumHOInterRatUtranOut_Succ,int,10,0
dbo,FactQHourlycNum2,MOBILITY-sumHOInterRatUtranOut_PrepSucc,int,10,0
dbo,FactQHourlycNum2,MOBILITY-EutranMobilityHOInterRatUtranIn,decimal,12,4
dbo,FactQHourlycNum2,MOBILITY-sumHOInterRatUtranIn_Att,int,10,0
dbo,FactQHourlycNum2,MOBILITY-sumHOInterRatUtranIn_Succ,int,10,0
dbo,FactQHourlycNum2,MOBILITY-sumHOInterRatUtranIn_PrepSucc,int,10,0
dbo,FactQHourlycNum2,MOBILITY-EutranMobilityHoInter,decimal,12,4
dbo,FactQHourlycNum2,Outgoing_Handover_with_DRX-DrxOutAtt,int,10,0
dbo,FactQHourlycNum2,Outgoing_Handover_with_DRX-DrxOutPrepSucc,int,10,0
dbo,FactQHourlycNum2,Outgoing_Handover_with_DRX-DrxOutSucc,int,10,0
dbo,FactQHourlycNum2,Outgoing_Handover_with_DRX-DrxOutPrepFail_CP_CC_FAIL,int,10,0
dbo,FactQHourlycNum2,Outgoing_Handover_with_DRX-DrxOutPrepFail_S1AP_CU_FAIL,int,10,0
dbo,FactQHourlycNum2,Outgoing_Handover_with_DRX-DrxOutPrepFail_S1AP_LINK_FAIL,int,10,0
dbo,FactQHourlycNum2,Outgoing_Handover_with_DRX-DrxOutPrepFail_S1AP_RP_TO,int,10,0
dbo,FactQHourlycNum2,Outgoing_Handover_with_DRX-DrxOutPrepFail_S1AP_SIG_FAIL,int,10,0
dbo,FactQHourlycNum2,Outgoing_Handover_with_DRX-DrxOutPrepFail_X2AP_CU_FAIL,int,10,0
dbo,FactQHourlycNum2,Outgoing_Handover_with_DRX-DrxOutPrepFail_X2AP_LINK_FAIL,int,10,0
dbo,FactQHourlycNum2,Outgoing_Handover_with_DRX-DrxOutPrepFail_X2AP_RP_TO,int,10,0
dbo,FactQHourlycNum2,Outgoing_Handover_with_DRX-DrxOutPrepFail_X2AP_SIG_FAIL,int,10,0
dbo,FactQHourlycNum2,Outgoing_Handover_with_DRX-DrxOutFail_CP_CC_TO,int,10,0
dbo,FactQHourlycNum2,Outgoing_Handover_with_DRX-DrxOutFail_CP_CC_FAIL,int,10,0
dbo,FactQHourlycNum2,Outgoing_Handover_with_DRX-DrxOutFail_UP_GTP_FAIL,int,10,0
dbo,FactQHourlycNum2,Outgoing_Handover_with_DRX-DrxOutFail_UP_MAC_FAIL,int,10,0
dbo,FactQHourlycNum2,Outgoing_Handover_with_DRX-DrxOutFail_UP_PDCP_FAIL,int,10,0
dbo,FactQHourlycNum2,Outgoing_Handover_with_DRX-DrxOutFail_UP_RLC_FAIL,int,10,0
dbo,FactQHourlycNum2,Outgoing_Handover_with_DRX-DrxOutFail_RRC_SIG_FAIL,int,10,0
dbo,FactQHourlycNum2,Outgoing_Handover_with_DRX-DrxOutFail_S1AP_CU_FAIL,int,10,0
dbo,FactQHourlycNum2,Outgoing_Handover_with_DRX-DrxOutFail_S1AP_LINK_FAIL,int,10,0
dbo,FactQHourlycNum2,Outgoing_Handover_with_DRX-DrxOutFail_S1AP_RO_TO,int,10,0
dbo,FactQHourlycNum2,Outgoing_Handover_with_DRX-DrxOutFail_S1AP_SIG_FAIL,int,10,0
dbo,FactQHourlycNum2,Outgoing_Handover_with_DRX-DrxOutFail_X2AP_CU_FAIL,int,10,0
dbo,FactQHourlycNum2,Outgoing_Handover_with_DRX-DrxOutFail_X2AP_LINK_FAIL,int,10,0
dbo,FactQHourlycNum2,Outgoing_Handover_with_DRX-DrxOutFail_X2AP_RO_TO,int,10,0
dbo,FactQHourlycNum2,Outgoing_Handover_with_DRX-DrxOutFail_X2AP_SIG_FAIL,int,10,0
dbo,FactQHourlycNum2,Outgoing_Handover_without_DRX-NoDrxOutAtt,int,10,0
dbo,FactQHourlycNum2,Outgoing_Handover_without_DRX-NoDrxOutPrepSucc,int,10,0
dbo,FactQHourlycNum2,Outgoing_Handover_without_DRX-NoDrxOutSucc,int,10,0
dbo,FactQHourlycNum2,Outgoing_Handover_without_DRX-NoDrxOutPrepFail_CP_CC_FAIL,int,10,0
dbo,FactQHourlycNum2,Outgoing_Handover_without_DRX-NoDrxOutPrepFail_S1AP_CU_FAIL,int,10,0
dbo,FactQHourlycNum2,Outgoing_Handover_without_DRX-NoDrxOutPrepFail_S1AP_LINK_FAIL,int,10,0
dbo,FactQHourlycNum2,Outgoing_Handover_without_DRX-NoDrxOutPrepFail_S1AP_RP_TO,int,10,0
dbo,FactQHourlycNum2,Outgoing_Handover_without_DRX-NoDrxOutPrepFail_S1AP_SIG_FAIL,int,10,0
dbo,FactQHourlycNum2,Outgoing_Handover_without_DRX-NoDrxOutPrepFail_X2AP_CU_FAIL,int,10,0
dbo,FactQHourlycNum2,Outgoing_Handover_without_DRX-NoDrxOutPrepFail_X2AP_LINK_FAIL,int,10,0
dbo,FactQHourlycNum2,Outgoing_Handover_without_DRX-NoDrxOutPrepFail_X2AP_RP_TO,int,10,0
dbo,FactQHourlycNum2,Outgoing_Handover_without_DRX-NoDrxOutPrepFail_X2AP_SIG_FAIL,int,10,0
dbo,FactQHourlycNum2,Outgoing_Handover_without_DRX-NoDrxOutFail_CP_CC_TO,int,10,0
dbo,FactQHourlycNum2,Outgoing_Handover_without_DRX-NoDrxOutFail_CP_CC_FAIL,int,10,0
dbo,FactQHourlycNum2,Outgoing_Handover_without_DRX-NoDrxOutFail_UP_GTP_FAIL,int,10,0
dbo,FactQHourlycNum2,Outgoing_Handover_without_DRX-NoDrxOutFail_UP_MAC_FAIL,int,10,0
dbo,FactQHourlycNum2,Outgoing_Handover_without_DRX-NoDrxOutFail_UP_PDCP_FAIL,int,10,0
dbo,FactQHourlycNum2,Outgoing_Handover_without_DRX-NoDrxOutFail_UP_RLC_FAIL,int,10,0
dbo,FactQHourlycNum2,Outgoing_Handover_without_DRX-NoDrxOutFail_RRC_SIG_FAIL,int,10,0
dbo,FactQHourlycNum2,Outgoing_Handover_without_DRX-NoDrxOutFail_S1AP_CU_FAIL,int,10,0
dbo,FactQHourlycNum2,Outgoing_Handover_without_DRX-NoDrxOutFail_S1AP_LINK_FAIL,int,10,0
dbo,FactQHourlycNum2,Outgoing_Handover_without_DRX-NoDrxOutFail_S1AP_RO_TO,int,10,0
dbo,FactQHourlycNum2,Outgoing_Handover_without_DRX-NoDrxOutFail_S1AP_SIG_FAIL,int,10,0
dbo,FactQHourlycNum2,Outgoing_Handover_without_DRX-NoDrxOutFail_X2AP_CU_FAIL,int,10,0
dbo,FactQHourlycNum2,Outgoing_Handover_without_DRX-NoDrxOutFail_X2AP_LINK_FAIL,int,10,0
dbo,FactQHourlycNum2,Outgoing_Handover_without_DRX-NoDrxOutFail_X2AP_RO_TO,int,10,0
dbo,FactQHourlycNum2,Outgoing_Handover_without_DRX-NoDrxOutFail_X2AP_SIG_FAIL,int,10,0
dbo,FactQHourlycNum2,Outgoing_Intra_Frequency_Handover-IntraFreqOutAtt,int,10,0
dbo,FactQHourlycNum2,Outgoing_Intra_Frequency_Handover-IntraFreqOutPrepSucc,int,10,0
dbo,FactQHourlycNum2,Outgoing_Intra_Frequency_Handover-IntraFreqOutSucc,int,10,0
dbo,FactQHourlycNum2,Outgoing_Intra_Frequency_Handover-IntraFreqOutPrepFail_CP_CC_FAIL,int,10,0
dbo,FactQHourlycNum2,Outgoing_Intra_Frequency_Handover-IntraFreqOutPrepFail_S1AP_CU_FAIL,int,10,0
dbo,FactQHourlycNum2,Outgoing_Intra_Frequency_Handover-IntraFreqOutPrepFail_S1AP_LINK_FAIL,int,10,0
dbo,FactQHourlycNum2,Outgoing_Intra_Frequency_Handover-IntraFreqOutPrepFail_S1AP_RP_TO,int,10,0
dbo,FactQHourlycNum2,Outgoing_Intra_Frequency_Handover-IntraFreqOutPrepFail_S1AP_SIG_FAIL,int,10,0
dbo,FactQHourlycNum2,Outgoing_Intra_Frequency_Handover-IntraFreqOutPrepFail_X2AP_CU_FAIL,int,10,0
dbo,FactQHourlycNum2,Outgoing_Intra_Frequency_Handover-IntraFreqOutPrepFail_X2AP_LINK_FAIL,int,10,0
dbo,FactQHourlycNum2,Outgoing_Intra_Frequency_Handover-IntraFreqOutPrepFail_X2AP_RP_TO,int,10,0
dbo,FactQHourlycNum2,Outgoing_Intra_Frequency_Handover-IntraFreqOutPrepFail_X2AP_SIG_FAIL,int,10,0
dbo,FactQHourlycNum2,Outgoing_Intra_Frequency_Handover-IntraFreqOutFail_CP_CC_TO,int,10,0
dbo,FactQHourlycNum2,Outgoing_Intra_Frequency_Handover-IntraFreqOutFail_CP_CC_FAIL,int,10,0
dbo,FactQHourlycNum2,Outgoing_Intra_Frequency_Handover-IntraFreqOutFail_UP_GTP_FAIL,int,10,0
dbo,FactQHourlycNum2,Outgoing_Intra_Frequency_Handover-IntraFreqOutFail_UP_MAC_FAIL,int,10,0
dbo,FactQHourlycNum2,Outgoing_Intra_Frequency_Handover-IntraFreqOutFail_UP_PDCP_FAIL,int,10,0
dbo,FactQHourlycNum2,Outgoing_Intra_Frequency_Handover-IntraFreqOutFail_UP_RLC_FAIL,int,10,0
dbo,FactQHourlycNum2,Outgoing_Intra_Frequency_Handover-IntraFreqOutFail_RRC_SIG_FAIL,int,10,0
dbo,FactQHourlycNum2,Outgoing_Intra_Frequency_Handover-IntraFreqOutFail_S1AP_CU_FAIL,int,10,0
dbo,FactQHourlycNum2,Outgoing_Intra_Frequency_Handover-IntraFreqOutFail_S1AP_LINK_FAIL,int,10,0
dbo,FactQHourlycNum2,Outgoing_Intra_Frequency_Handover-IntraFreqOutFail_S1AP_RO_TO,int,10,0
dbo,FactQHourlycNum2,Outgoing_Intra_Frequency_Handover-IntraFreqOutFail_S1AP_SIG_FAIL,int,10,0
dbo,FactQHourlycNum2,Outgoing_Intra_Frequency_Handover-IntraFreqOutFail_X2AP_CU_FAIL,int,10,0
dbo,FactQHourlycNum2,Outgoing_Intra_Frequency_Handover-IntraFreqOutFail_X2AP_LINK_FAIL,int,10,0
dbo,FactQHourlycNum2,Outgoing_Intra_Frequency_Handover-IntraFreqOutFail_X2AP_RO_TO,int,10,0
dbo,FactQHourlycNum2,Outgoing_Intra_Frequency_Handover-IntraFreqOutFail_X2AP_SIG_FAIL,int,10,0
dbo,FactQHourlycNum2,Paging_Performance-DiscardedNbr,int,10,0
dbo,FactQHourlycNum2,Paging_Performance-AttPaging,int,10,0
dbo,FactQHourlycNum2,Power-InterferencePower,decimal,12,4
dbo,FactQHourlycNum2,Power-InterferencePowerTot,decimal,12,4
dbo,FactQHourlycNum2,Power-InterferencePowerCnt,int,10,0
dbo,FactQHourlycNum2,Power-ThermalNoisePower,decimal,12,4
dbo,FactQHourlycNum2,Power-ThermalNoisePowerTot,decimal,12,4
dbo,FactQHourlycNum2,Power-ThermalNoisePowerCnt,int,10,0
dbo,FactQHourlycNum2,Power-RssiOverPath,decimal,12,4
dbo,FactQHourlycNum2,Power-RssiOverPathTot,decimal,12,4
dbo,FactQHourlycNum2,Power-RssiOverPathCnt,int,10,0
dbo,FactQHourlycNum2,Power-RssiPath0,decimal,12,4
dbo,FactQHourlycNum2,Power-RssiPath0Tot,decimal,12,4
dbo,FactQHourlycNum2,Power-RssiPath0Cnt,int,10,0
dbo,FactQHourlycNum2,Power-RssiPath1,decimal,12,4
dbo,FactQHourlycNum2,Power-RssiPath1Tot,decimal,12,4
dbo,FactQHourlycNum2,Power-RssiPath1Cnt,int,10,0
dbo,FactQHourlycNum2,Random_Access_Preambles-HighSpeedMonitoring,int,10,0
dbo,FactQHourlycNum2,Random_Access_Preambles-NoofHighSpeed,int,10,0
dbo,FactQHourlycNum2,Random_Access_Preambles-DedicatedPreambles,int,10,0
dbo,FactQHourlycNum2,Random_Access_Preambles-DedicatedPreamblesAssignFail,int,10,0
dbo,FactQHourlycNum2,Random_Access_Preambles-RandomlyselectedpreamblesLow,int,10,0
dbo,FactQHourlycNum2,Random_Access_Preambles-RandomlyselectedpreamblesHigh,int,10,0
dbo,FactQHourlycNum2,Random_Access_Preambles-RACHUsage,decimal,12,4
dbo,FactQHourlycNum2,Random_Access_Preambles-RACHUsageTot,decimal,12,4
dbo,FactQHourlycNum2,Random_Access_Preambles-RACHUsageCnt,int,10,0
dbo,FactQHourlycNum2,RETAINABILITY-ErabRetainability,decimal,12,4
dbo,FactQHourlycNum2,RETAINABILITY-sumRelActive,int,10,0
dbo,FactQHourlycNum2,RETAINABILITY-RetainSessionTimeUE,decimal,12,4
dbo,FactQHourlycNum2,RNTP_of_own_cell-RntpOwnCell_PRB0,int,10,0
dbo,FactQHourlycNum2,RNTP_of_own_cell-RntpOwnCell_PRB1,int,10,0
dbo,FactQHourlycNum2,RNTP_of_own_cell-RntpOwnCell_PRB2,int,10,0
dbo,FactQHourlycNum2,RNTP_of_own_cell-RntpOwnCell_PRB3,int,10,0
dbo,FactQHourlycNum2,RNTP_of_own_cell-RntpOwnCell_PRB4,int,10,0
dbo,FactQHourlycNum2,RNTP_of_own_cell-RntpOwnCell_PRB5,int,10,0
dbo,FactQHourlycNum2,RNTP_of_own_cell-RntpOwnCell_PRB6,int,10,0
dbo,FactQHourlycNum2,RNTP_of_own_cell-RntpOwnCell_PRB7,int,10,0
dbo,FactQHourlycNum2,RNTP_of_own_cell-RntpOwnCell_PRB8,int,10,0
dbo,FactQHourlycNum2,RNTP_of_own_cell-RntpOwnCell_PRB9,int,10,0
dbo,FactQHourlycNum2,RNTP_of_own_cell-RntpOwnCell_PRB10,int,10,0
dbo,FactQHourlycNum2,RNTP_of_own_cell-RntpOwnCell_PRB11,int,10,0
dbo,FactQHourlycNum2,RNTP_of_own_cell-RntpOwnCell_PRB12,int,10,0
dbo,FactQHourlycNum2,RNTP_of_own_cell-RntpOwnCell_PRB13,int,10,0
dbo,FactQHourlycNum2,RNTP_of_own_cell-RntpOwnCell_PRB14,int,10,0
dbo,FactQHourlycNum2,RNTP_of_own_cell-RntpOwnCell_PRB15,int,10,0
dbo,FactQHourlycNum2,RNTP_of_own_cell-RntpOwnCell_PRB16,int,10,0
dbo,FactQHourlycNum2,RNTP_of_own_cell-RntpOwnCell_PRB17,int,10,0
dbo,FactQHourlycNum2,RNTP_of_own_cell-RntpOwnCell_PRB18,int,10,0
dbo,FactQHourlycNum2,RNTP_of_own_cell-RntpOwnCell_PRB19,int,10,0
dbo,FactQHourlycNum2,RNTP_of_own_cell-RntpOwnCell_PRB20,int,10,0
dbo,FactQHourlycNum2,RNTP_of_own_cell-RntpOwnCell_PRB21,int,10,0
dbo,FactQHourlycNum2,RNTP_of_own_cell-RntpOwnCell_PRB22,int,10,0
dbo,FactQHourlycNum2,RNTP_of_own_cell-RntpOwnCell_PRB23,int,10,0
dbo,FactQHourlycNum2,RNTP_of_own_cell-RntpOwnCell_PRB24,int,10,0
dbo,FactQHourlycNum2,RNTP_of_own_cell-RntpOwnCell_PRB25,int,10,0
dbo,FactQHourlycNum2,RNTP_of_own_cell-RntpOwnCell_PRB26,int,10,0
dbo,FactQHourlycNum2,RNTP_of_own_cell-RntpOwnCell_PRB27,int,10,0
dbo,FactQHourlycNum2,RNTP_of_own_cell-RntpOwnCell_PRB28,int,10,0
dbo,FactQHourlycNum2,RNTP_of_own_cell-RntpOwnCell_PRB29,int,10,0
dbo,FactQHourlycNum2,RNTP_of_own_cell-RntpOwnCell_PRB30,int,10,0
dbo,FactQHourlycNum2,RNTP_of_own_cell-RntpOwnCell_PRB31,int,10,0
dbo,FactQHourlycNum2,RNTP_of_own_cell-RntpOwnCell_PRB32,int,10,0
dbo,FactQHourlycNum2,RNTP_of_own_cell-RntpOwnCell_PRB33,int,10,0
dbo,FactQHourlycNum2,RNTP_of_own_cell-RntpOwnCell_PRB34,int,10,0
dbo,FactQHourlycNum2,RNTP_of_own_cell-RntpOwnCell_PRB35,int,10,0
dbo,FactQHourlycNum2,RNTP_of_own_cell-RntpOwnCell_PRB36,int,10,0
dbo,FactQHourlycNum2,RNTP_of_own_cell-RntpOwnCell_PRB37,int,10,0
dbo,FactQHourlycNum2,RNTP_of_own_cell-RntpOwnCell_PRB38,int,10,0
dbo,FactQHourlycNum2,RNTP_of_own_cell-RntpOwnCell_PRB39,int,10,0
dbo,FactQHourlycNum2,RNTP_of_own_cell-RntpOwnCell_PRB40,int,10,0
dbo,FactQHourlycNum2,RNTP_of_own_cell-RntpOwnCell_PRB41,int,10,0
dbo,FactQHourlycNum2,RNTP_of_own_cell-RntpOwnCell_PRB42,int,10,0
dbo,FactQHourlycNum2,RNTP_of_own_cell-RntpOwnCell_PRB43,int,10,0
dbo,FactQHourlycNum2,RNTP_of_own_cell-RntpOwnCell_PRB44,int,10,0
dbo,FactQHourlycNum2,RNTP_of_own_cell-RntpOwnCell_PRB45,int,10,0
dbo,FactQHourlycNum2,RNTP_of_own_cell-RntpOwnCell_PRB46,int,10,0
dbo,FactQHourlycNum2,RNTP_of_own_cell-RntpOwnCell_PRB47,int,10,0
dbo,FactQHourlycNum2,RNTP_of_own_cell-RntpOwnCell_PRB48,int,10,0
dbo,FactQHourlycNum2,RNTP_of_own_cell-RntpOwnCell_PRB49,int,10,0
dbo,FactQHourlycNum2,RNTP_of_own_cell-RntpOwnCell_PRB50,int,10,0
dbo,FactQHourlycNum2,RNTP_of_own_cell-RntpOwnCell_PRB51,int,10,0
dbo,FactQHourlycNum2,RNTP_of_own_cell-RntpOwnCell_PRB52,int,10,0
dbo,FactQHourlycNum2,RNTP_of_own_cell-RntpOwnCell_PRB53,int,10,0
dbo,FactQHourlycNum2,RNTP_of_own_cell-RntpOwnCell_PRB54,int,10,0
dbo,FactQHourlycNum2,RNTP_of_own_cell-RntpOwnCell_PRB55,int,10,0
dbo,FactQHourlycNum2,RNTP_of_own_cell-RntpOwnCell_PRB56,int,10,0
dbo,FactQHourlycNum2,RNTP_of_own_cell-RntpOwnCell_PRB57,int,10,0
dbo,FactQHourlycNum2,RNTP_of_own_cell-RntpOwnCell_PRB58,int,10,0
dbo,FactQHourlycNum2,RNTP_of_own_cell-RntpOwnCell_PRB59,int,10,0
dbo,FactQHourlycNum2,RNTP_of_own_cell-RntpOwnCell_PRB60,int,10,0
dbo,FactQHourlycNum2,RNTP_of_own_cell-RntpOwnCell_PRB61,int,10,0
dbo,FactQHourlycNum2,RNTP_of_own_cell-RntpOwnCell_PRB62,int,10,0
dbo,FactQHourlycNum2,RNTP_of_own_cell-RntpOwnCell_PRB63,int,10,0
dbo,FactQHourlycNum2,RNTP_of_own_cell-RntpOwnCell_PRB64,int,10,0
dbo,FactQHourlycNum2,RNTP_of_own_cell-RntpOwnCell_PRB65,int,10,0
dbo,FactQHourlycNum2,RNTP_of_own_cell-RntpOwnCell_PRB66,int,10,0
dbo,FactQHourlycNum2,RNTP_of_own_cell-RntpOwnCell_PRB67,int,10,0
dbo,FactQHourlycNum2,RNTP_of_own_cell-RntpOwnCell_PRB68,int,10,0
dbo,FactQHourlycNum2,RNTP_of_own_cell-RntpOwnCell_PRB69,int,10,0
dbo,FactQHourlycNum2,RNTP_of_own_cell-RntpOwnCell_PRB70,int,10,0
dbo,FactQHourlycNum2,RNTP_of_own_cell-RntpOwnCell_PRB71,int,10,0
dbo,FactQHourlycNum2,RNTP_of_own_cell-RntpOwnCell_PRB72,int,10,0
dbo,FactQHourlycNum2,RNTP_of_own_cell-RntpOwnCell_PRB73,int,10,0
dbo,FactQHourlycNum2,RNTP_of_own_cell-RntpOwnCell_PRB74,int,10,0
dbo,FactQHourlycNum2,RNTP_of_own_cell-RntpOwnCell_PRB75,int,10,0
dbo,FactQHourlycNum2,RNTP_of_own_cell-RntpOwnCell_PRB76,int,10,0
dbo,FactQHourlycNum2,RNTP_of_own_cell-RntpOwnCell_PRB77,int,10,0
dbo,FactQHourlycNum2,RNTP_of_own_cell-RntpOwnCell_PRB78,int,10,0
dbo,FactQHourlycNum2,RNTP_of_own_cell-RntpOwnCell_PRB79,int,10,0
dbo,FactQHourlycNum2,RNTP_of_own_cell-RntpOwnCell_PRB80,int,10,0
dbo,FactQHourlycNum2,RNTP_of_own_cell-RntpOwnCell_PRB81,int,10,0
dbo,FactQHourlycNum2,RNTP_of_own_cell-RntpOwnCell_PRB82,int,10,0
dbo,FactQHourlycNum2,RNTP_of_own_cell-RntpOwnCell_PRB83,int,10,0
dbo,FactQHourlycNum2,RNTP_of_own_cell-RntpOwnCell_PRB84,int,10,0
dbo,FactQHourlycNum2,RNTP_of_own_cell-RntpOwnCell_PRB85,int,10,0
dbo,FactQHourlycNum2,RNTP_of_own_cell-RntpOwnCell_PRB86,int,10,0
dbo,FactQHourlycNum2,RNTP_of_own_cell-RntpOwnCell_PRB87,int,10,0
dbo,FactQHourlycNum2,RNTP_of_own_cell-RntpOwnCell_PRB88,int,10,0
dbo,FactQHourlycNum2,RNTP_of_own_cell-RntpOwnCell_PRB89,int,10,0
dbo,FactQHourlycNum2,RNTP_of_own_cell-RntpOwnCell_PRB90,int,10,0
dbo,FactQHourlycNum2,RNTP_of_own_cell-RntpOwnCell_PRB91,int,10,0
dbo,FactQHourlycNum2,RNTP_of_own_cell-RntpOwnCell_PRB92,int,10,0
dbo,FactQHourlycNum2,RNTP_of_own_cell-RntpOwnCell_PRB93,int,10,0
dbo,FactQHourlycNum2,RNTP_of_own_cell-RntpOwnCell_PRB94,int,10,0
dbo,FactQHourlycNum2,RNTP_of_own_cell-RntpOwnCell_PRB95,int,10,0
dbo,FactQHourlycNum2,RNTP_of_own_cell-RntpOwnCell_PRB96,int,10,0
dbo,FactQHourlycNum2,RNTP_of_own_cell-RntpOwnCell_PRB97,int,10,0
dbo,FactQHourlycNum2,RNTP_of_own_cell-RntpOwnCell_PRB98,int,10,0
dbo,FactQHourlycNum2,RNTP_of_own_cell-RntpOwnCell_PRB99,int,10,0
dbo,FactQHourlycNum2,RRC_Connection_number-ConnNo,decimal,12,4
dbo,FactQHourlycNum2,RRC_Connection_number-ConnMax,decimal,12,4
dbo,FactQHourlycNum2,RRC_Connection_number-ConnTot,decimal,12,4
dbo,FactQHourlycNum2,RRC_Connection_number-ConnCnt,int,10,0
dbo,FactQHourlycNum2,RRC_Connection_number-ReleaseCallHoldingTime,decimal,12,4
dbo,FactQHourlycNum2,RRC_Connection_number-ReleaseCallHoldingTimeTot_Old,decimal,12,4
dbo,FactQHourlycNum2,RRC_Connection_number-ReleaseCallCnt,int,10,0
dbo,FactQHourlycNum2,RRC_Connection_Reconfiguration-ConnReconfigAtt,int,10,0
dbo,FactQHourlycNum2,RRC_Connection_Reconfiguration-ConnReconfigSucc,int,10,0
dbo,FactQHourlycNum2,RRC_Connection_Release-ConnRelease_CP_CC_NORMAL,int,10,0
dbo,FactQHourlycNum2,RRC_Connection_Release-ConnRelease_CP_CC_TO,int,10,0
dbo,FactQHourlycNum2,RRC_Connection_Release-ConnRelease_CP_CC_FAIL,int,10,0
dbo,FactQHourlycNum2,RRC_Connection_Release-ConnRelease_UP_GTP_FAIL,int,10,0
dbo,FactQHourlycNum2,RRC_Connection_Release-ConnRelease_UP_MAC_FAIL,int,10,0
dbo,FactQHourlycNum2,RRC_Connection_Release-ConnRelease_UP_MAC_UE_INACT,int,10,0
dbo,FactQHourlycNum2,RRC_Connection_Release-ConnRelease_UP_PDCP_FAIL,int,10,0
dbo,FactQHourlycNum2,RRC_Connection_Release-ConnRelease_UP_RLC_FAIL,int,10,0
dbo,FactQHourlycNum2,RRC_Connection_Release-ConnRelease_RRC_HC_TO,int,10,0
dbo,FactQHourlycNum2,RRC_Connection_Release-ConnRelease_RRC_SIG_FAIL,int,10,0
dbo,FactQHourlycNum2,RRC_Connection_Release-ConnRelease_RRC_SIG_TO,int,10,0
dbo,FactQHourlycNum2,RRC_Connection_Release-ConnRelease_CP_BH_CAC_FAIL,int,10,0
dbo,FactQHourlycNum2,RRC_Connection_Release-ConnRelease_CP_CAPA_CAC_FAIL,int,10,0
dbo,FactQHourlycNum2,RRC_Connection_Release-ConnRelease_CP_QOS_CAC_FAIL,int,10,0
dbo,FactQHourlycNum2,RRC_Connection_Release-ConnRelease_S1AP_CU_FAIL,int,10,0
dbo,FactQHourlycNum2,RRC_Connection_Release-ConnRelease_S1AP_LINK_FAIL,int,10,0
dbo,FactQHourlycNum2,RRC_Connection_Release-ConnRelease_S1AP_RO_TO,int,10,0
dbo,FactQHourlycNum2,RRC_Connection_Release-ConnRelease_S1AP_SIG_FAIL,int,10,0
dbo,FactQHourlycNum2,RRC_Connection_Release-ConnRelease_S1AP_SIG_TO,int,10,0
dbo,FactQHourlycNum2,RRC_Connection_Release-ConnRelease_X2AP_CU_FAIL,int,10,0
dbo,FactQHourlycNum2,RRC_Connection_Release-ConnRelease_X2AP_LINK_FAIL,int,10,0
dbo,FactQHourlycNum2,RRC_Connection_Release-ConnRelease_X2AP_RO_TO,int,10,0
dbo,FactQHourlycNum2,RRC_Connection_Release-ConnRelease_X2AP_SIG_FAIL,int,10,0
dbo,FactQHourlycNum2,SRVCC_to_CDMA1XRTT_HO-SrvccAttSRVCC,int,10,0
dbo,FactQHourlycNum2,SRVCC_to_CDMA1XRTT_HO-SrvccPrepSuccSRVCC,int,10,0
dbo,FactQHourlycNum2,SRVCC_to_CDMA1XRTT_HO-SrvccSuccSRVCC,int,10,0
dbo,FactQHourlycNum2,SRVCC_to_CDMA1XRTT_HO-SrvccPrepFail1XRTT_RRC_SIG_TO,int,10,0
dbo,FactQHourlycNum2,SRVCC_to_CDMA1XRTT_HO-SrvccPrepFail1XRTT_S1AP_SIG_TO,int,10,0
dbo,FactQHourlycNum2,SRVCC_to_CDMA1XRTT_HO-SrvccPrepFail1XRTT_S1AP_CU_FAIL,int,10,0
dbo,FactQHourlycNum2,SRVCC_to_CDMA1XRTT_HO-SrvccFail1XRTT_CP_CC_TO,int,10,0
dbo,FactQHourlycNum2,SRVCC_to_CDMA1XRTT_HO-SrvccFail1XRTT_CP_CC_FAIL,int,10,0
dbo,FactQHourlycNum2,SRVCC_to_CDMA1XRTT_HO-SrvccFail1XRTT_UP_GTP_FAIL,int,10,0
dbo,FactQHourlycNum2,SRVCC_to_CDMA1XRTT_HO-SrvccFail1XRTT_UP_MAC_FAIL,int,10,0
dbo,FactQHourlycNum2,SRVCC_to_CDMA1XRTT_HO-SrvccFail1XRTT_UP_PDCP_FAIL,int,10,0
dbo,FactQHourlycNum2,SRVCC_to_CDMA1XRTT_HO-SrvccFail1XRTT_UP_RLC_FAIL,int,10,0
dbo,FactQHourlycNum2,Weighted_CQI-WeightedDlReceivedCQI,decimal,12,4
dbo,FactQHourlycNum2,Weighted_CQI-sumWeightedDlReceivedCQI,int,10,0
dbo,FactQHourlycNum2,Weighted_CQI-sumDlReceivedCQI,decimal,24,4
dbo,FactQHourlycNum2,RRC_Connection_number-ReleaseCallHoldingTimeTot,decimal,17,4
dbo,FactQHourlycNum2,Air_Mac_UL_DL_bytes-AirMacUlThruMin,decimal,12,4
dbo,FactQHourlycNum2,Air_Mac_UL_DL_bytes-AirMacUlThruMax,decimal,12,4
dbo,FactQHourlycNum2,Air_Mac_UL_DL_bytes-AirMacDlThruMin,decimal,12,4
dbo,FactQHourlycNum2,Air_Mac_UL_DL_bytes-AirMacDlThruMax,decimal,12,4
dbo,FactQHourlycNum2,Call_Fail_Report-0x0354_ECC_INTER_FA_REDIRECTION,int,10,0
dbo,FactQHourlycNum2,Call_Fail_Report-0x0355_ECC_CSFB_CONFIG_FAILURE,int,10,0
dbo,FactQHourlycNum2,Power-RssiPath0_Current,decimal,12,4
dbo,FactQHourlycNum2,Power-RssiPath1_Current,decimal,12,4
dbo,FactQHourlycNum2,Load_Balancing_Handover_KPI-InterEnbHoSuccRatio,decimal,12,4
dbo,FactQHourlycNum2,Load_Balancing_Handover_KPI-sumInterEnbMlbHOAtt,int,10,0
dbo,FactQHourlycNum2,Load_Balancing_Handover_KPI-sumInterEnbMlbHOSucc,int,10,0
dbo,FactQHourlycNum2,Load_Balancing_Handover_KPI-IntraEnbIntraCarrierGroupHoSuccRatio,decimal,12,4
dbo,FactQHourlycNum2,Load_Balancing_Handover_KPI-sumIntraEnbIntraCarrierGroupMlbHOAtt,int,10,0
dbo,FactQHourlycNum2,Load_Balancing_Handover_KPI-sumIntraEnbIntraCarrierGroupbMlbHOSucc,int,10,0
dbo,FactQHourlycNum2,Load_Balancing_Handover_KPI-IntraEnbInterCarrierGroupHOSucRatio,decimal,12,4
dbo,FactQHourlycNum2,Load_Balancing_Handover_KPI-sumIntraEnbInterCarrierGroupMlbHOAtt,int,10,0
dbo,FactQHourlycNum2,Load_Balancing_Handover_KPI-sumIntraEnbInterCarrierGroupMlbHOSucc,int,10,0
dbo,FactQHourlycNum2,Cell_Throughput-AvgUEThruDl,decimal,18,4
dbo,FactQHourlycNum2,Cell_Throughput-PeakUEThruDl,decimal,18,4
dbo,FactQHourlycNum2,Cell_Throughput-UEThruDlTot,decimal,18,4
dbo,FactQHourlycNum2,Cell_Throughput-UEThruDlCnt,int,10,0
dbo,FactQHourlycNum2,Cell_Throughput-AvgUEThruUl,decimal,18,4
dbo,FactQHourlycNum2,Cell_Throughput-PeakUEThruUl,decimal,18,4
dbo,FactQHourlycNum2,Cell_Throughput-UEThruUlTot,decimal,18,4
dbo,FactQHourlycNum2,Cell_Throughput-UEThruUlCnt,int,10,0
dbo,FactQHourlycNum2,Dimdatekey_UTC,int,10,0
dbo,FactQHourlycNum2,DimQHourkey_UTC,int,10,0
