﻿dbo,FactQHourlycNum1,FactQHourlycNum1Key,bigint,19,0
dbo,FactQHourlycNum1,DimDateKey,int,10,0
dbo,FactQHourlycNum1,DimQHourKey,int,10,0
dbo,FactQHourlycNum1,DimCNumKey,int,10,0
dbo,FactQHourlycNum1,ETLJobKey,bigint,19,0
dbo,FactQHourlycNum1,insertDate,datetime,NULL,NULL
dbo,FactQHourlycNum1,ACCESSIBILITY-ErabAccessibilityInit,decimal,38,10
dbo,FactQHourlycNum1,ACCESSIBILITY-sumRrc_ConnEstabSucc,int,10,0
dbo,FactQHourlycNum1,ACCESSIBILITY-sumRrc_ConnEstabAtt,int,10,0
dbo,FactQHourlycNum1,ACCESSIBILITY-sumS1sig_S1ConnEstabSucc,int,10,0
dbo,FactQHourlycNum1,ACCESSIBILITY-sumS1sig_S1ConnEstabAtt,int,10,0
dbo,FactQHourlycNum1,ACCESSIBILITY-sumErab_EstabInitSuccNbr,int,10,0
dbo,FactQHourlycNum1,ACCESSIBILITY-sumErab_EstabInitAttNbr,int,10,0
dbo,FactQHourlycNum1,ACCESSIBILITY-ErabAccessibilityAdd,decimal,12,4
dbo,FactQHourlycNum1,ACCESSIBILITY-sumErab_EstabAddSuccNbr,int,10,0
dbo,FactQHourlycNum1,ACCESSIBILITY-sumErab_EstabAddAttNbr,int,10,0
dbo,FactQHourlycNum1,ACCESSIBILITY-ErabConnectionFailureRate,decimal,12,4
dbo,FactQHourlycNum1,Air_Mac_UL_DL_bytes-AirMacByteUl,int,10,0
dbo,FactQHourlycNum1,Air_Mac_UL_DL_bytes-AirMacByteUlCnt,int,10,0
dbo,FactQHourlycNum1,Air_Mac_UL_DL_bytes-AirMacTtiUl,int,10,0
dbo,FactQHourlycNum1,Air_Mac_UL_DL_bytes-AirMacUlThru,decimal,12,4
dbo,FactQHourlycNum1,Air_Mac_UL_DL_bytes-AirMacUlEfctivThru,decimal,12,4
dbo,FactQHourlycNum1,Air_Mac_UL_DL_bytes-AirMacByteDl,int,10,0
dbo,FactQHourlycNum1,Air_Mac_UL_DL_bytes-AirMacByteDlCnt,int,10,0
dbo,FactQHourlycNum1,Air_Mac_UL_DL_bytes-AirMacTtiDl,int,10,0
dbo,FactQHourlycNum1,Air_Mac_UL_DL_bytes-AirMacDlThru,decimal,12,4
dbo,FactQHourlycNum1,Air_Mac_UL_DL_bytes-AirMacDlEfctivThru,decimal,12,4
dbo,FactQHourlycNum1,Air_Mac_UL_DL_bytes-AirMacByteUlCurrent,int,10,0
dbo,FactQHourlycNum1,Air_Mac_UL_DL_bytes-AirMacByteDlCurrent,int,10,0
dbo,FactQHourlycNum1,AVAILABILITY-EutranCellAvailability,decimal,12,4
dbo,FactQHourlycNum1,AVAILABILITY-read_CellUnavailableTime,int,10,0
dbo,FactQHourlycNum1,AVAILABILITY-cellAvail_pmPeriodTime,int,10,0
dbo,FactQHourlycNum1,Call_Fail_Report-0x0FFF_No_FAULT,int,10,0
dbo,FactQHourlycNum1,Call_Fail_Report-0x0100_S1AP_CauseRadioNetwork_unspecified,int,10,0
dbo,FactQHourlycNum1,Call_Fail_Report-0x0101_S1AP_tx2relocoverall_expiry,int,10,0
dbo,FactQHourlycNum1,Call_Fail_Report-0x0102_S1AP_successful_handover,int,10,0
dbo,FactQHourlycNum1,Call_Fail_Report-0x0103_S1AP_release_due_to_eutran_generated_reason,int,10,0
dbo,FactQHourlycNum1,Call_Fail_Report-0x0104_S1AP_handover_cancelled,int,10,0
dbo,FactQHourlycNum1,Call_Fail_Report-0x0105_S1AP_partial_handover,int,10,0
dbo,FactQHourlycNum1,Call_Fail_Report-0x0106_S1AP_ho_failure_in_target_EPC_eNB_or_target_system,int,10,0
dbo,FactQHourlycNum1,Call_Fail_Report-0x0107_S1AP_ho_target_not_allowed,int,10,0
dbo,FactQHourlycNum1,Call_Fail_Report-0x0108_S1AP_tS1relocoverall_expiry,int,10,0
dbo,FactQHourlycNum1,Call_Fail_Report-0x0109_S1AP_tS1relocprep_expiry,int,10,0
dbo,FactQHourlycNum1,Call_Fail_Report-0x010A_S1AP_cell_not_available,int,10,0
dbo,FactQHourlycNum1,Call_Fail_Report-0x010B_S1AP_unknown_targetID,int,10,0
dbo,FactQHourlycNum1,Call_Fail_Report-0x010C_S1AP_no_radio_resources_available_in_target_cell,int,10,0
dbo,FactQHourlycNum1,Call_Fail_Report-0x010D_S1AP_unknown_mme_ue_s1ap_id,int,10,0
dbo,FactQHourlycNum1,Call_Fail_Report-0x010E_S1AP_unknown_enb_ue_s1ap_id,int,10,0
dbo,FactQHourlycNum1,Call_Fail_Report-0x010F_S1AP_unknown_pair_ue_s1ap_id,int,10,0
dbo,FactQHourlycNum1,Call_Fail_Report-0x0110_S1AP_handover_desirable_for_radio_reason,int,10,0
dbo,FactQHourlycNum1,Call_Fail_Report-0x0111_S1AP_time_critical_handover,int,10,0
dbo,FactQHourlycNum1,Call_Fail_Report-0x0112_S1AP_resource_optimisation_handover,int,10,0
dbo,FactQHourlycNum1,Call_Fail_Report-0x0113_S1AP_reduce_load_in_serving_cell,int,10,0
dbo,FactQHourlycNum1,Call_Fail_Report-0x0114_S1AP_user_inactivity,int,10,0
dbo,FactQHourlycNum1,Call_Fail_Report-0x0115_S1AP_radio_connection_with_ue_lost,int,10,0
dbo,FactQHourlycNum1,Call_Fail_Report-0x0116_S1AP_load_balancing_tau_required,int,10,0
dbo,FactQHourlycNum1,Call_Fail_Report-0x0117_S1AP_cs_fallback_triggered,int,10,0
dbo,FactQHourlycNum1,Call_Fail_Report-0x0118_S1AP_ue_not_available_for_ps_service,int,10,0
dbo,FactQHourlycNum1,Call_Fail_Report-0x0119_S1AP_radio_resources_not_available,int,10,0
dbo,FactQHourlycNum1,Call_Fail_Report-0x011A_S1AP_failure_in_radio_interface_procedure,int,10,0
dbo,FactQHourlycNum1,Call_Fail_Report-0x011B_S1AP_invalid_qos_combination,int,10,0
dbo,FactQHourlycNum1,Call_Fail_Report-0x011C_S1AP_interrat_redirection,int,10,0
dbo,FactQHourlycNum1,Call_Fail_Report-0x011D_S1AP_interaction_with_other_procedure,int,10,0
dbo,FactQHourlycNum1,Call_Fail_Report-0x011E_S1AP_unknown_E_RAB_ID,int,10,0
dbo,FactQHourlycNum1,Call_Fail_Report-0x011F_S1AP_multiple_E_RAB_ID_instances,int,10,0
dbo,FactQHourlycNum1,Call_Fail_Report-0x0120_S1AP_encryption_and_or_integrity_protection_algorithms_not_supported,int,10,0
dbo,FactQHourlycNum1,Call_Fail_Report-0x0121_S1AP_s1_intra_system_handover_triggered,int,10,0
dbo,FactQHourlycNum1,Call_Fail_Report-0x0122_S1AP_s1_inter_system_handover_triggered,int,10,0
dbo,FactQHourlycNum1,Call_Fail_Report-0x0123_S1AP_x2_handover_triggered,int,10,0
dbo,FactQHourlycNum1,Call_Fail_Report-0x0124_S1AP_redirection_towards_1xRTT,int,10,0
dbo,FactQHourlycNum1,Call_Fail_Report-0x0125_S1AP_not_supported_QCI_value,int,10,0
dbo,FactQHourlycNum1,Call_Fail_Report-0x0126_S1AP_invalid_CSG_Id,int,10,0
dbo,FactQHourlycNum1,Call_Fail_Report-0x0128_S1AP_transport_resource_unavailable,int,10,0
dbo,FactQHourlycNum1,Call_Fail_Report-0x0129_S1AP_CauseTransport_unspecified,int,10,0
dbo,FactQHourlycNum1,Call_Fail_Report-0x0132_S1AP_normal_release,int,10,0
dbo,FactQHourlycNum1,Call_Fail_Report-0x0133_S1AP_authentication_failure,int,10,0
dbo,FactQHourlycNum1,Call_Fail_Report-0x0134_S1AP_detach,int,10,0
dbo,FactQHourlycNum1,Call_Fail_Report-0x0135_S1AP_CauseNas_unspecified,int,10,0
dbo,FactQHourlycNum1,Call_Fail_Report-0x0136_S1AP_csg_subscription_expiry,int,10,0
dbo,FactQHourlycNum1,Call_Fail_Report-0x013C_S1AP_transfer_syntax_error,int,10,0
dbo,FactQHourlycNum1,Call_Fail_Report-0x013D_S1AP_abstract_syntax_error_reject,int,10,0
dbo,FactQHourlycNum1,Call_Fail_Report-0x013E_S1AP_abstract_syntax_error_ignore_and_notify,int,10,0
dbo,FactQHourlycNum1,Call_Fail_Report-0x013F_S1AP_message_not_compatible_with_receiver_state,int,10,0
dbo,FactQHourlycNum1,Call_Fail_Report-0x0140_S1AP_semantic_error,int,10,0
dbo,FactQHourlycNum1,Call_Fail_Report-0x0141_S1AP_abstract_syntax_error_falsely_constructed_message,int,10,0
dbo,FactQHourlycNum1,Call_Fail_Report-0x0142_S1AP_CauseProtocol_unspecified,int,10,0
dbo,FactQHourlycNum1,Call_Fail_Report-0x0146_S1AP_control_processing_overload,int,10,0
dbo,FactQHourlycNum1,Call_Fail_Report-0x0147_S1AP_not_enough_user_plane_processing_resources,int,10,0
dbo,FactQHourlycNum1,Call_Fail_Report-0x0148_S1AP_hardware_failure,int,10,0
dbo,FactQHourlycNum1,Call_Fail_Report-0x0149_S1AP_om_intervention,int,10,0
dbo,FactQHourlycNum1,Call_Fail_Report-0x014A_S1AP_CauseMisc_unspecified,int,10,0
dbo,FactQHourlycNum1,Call_Fail_Report-0x014B_S1AP_unknown_PLMN,int,10,0
dbo,FactQHourlycNum1,Call_Fail_Report-0x0200_X2AP_handover_desirable_for_radio_reasons,int,10,0
dbo,FactQHourlycNum1,Call_Fail_Report-0x0201_X2AP_time_critical_handover,int,10,0
dbo,FactQHourlycNum1,Call_Fail_Report-0x0202_X2AP_resource_optimisation_handover,int,10,0
dbo,FactQHourlycNum1,Call_Fail_Report-0x0203_X2AP_reduce_load_in_serving_cell,int,10,0
dbo,FactQHourlycNum1,Call_Fail_Report-0x0204_X2AP_partial_handover,int,10,0
dbo,FactQHourlycNum1,Call_Fail_Report-0x0205_X2AP_unknown_new_eNB_UE_X2AP_ID,int,10,0
dbo,FactQHourlycNum1,Call_Fail_Report-0x0206_X2AP_unknown_old_eNB_UE_X2AP_ID,int,10,0
dbo,FactQHourlycNum1,Call_Fail_Report-0x0207_X2AP_unknown_pair_of_UE_X2AP_ID,int,10,0
dbo,FactQHourlycNum1,Call_Fail_Report-0x0208_X2AP_ho_target_not_allowed,int,10,0
dbo,FactQHourlycNum1,Call_Fail_Report-0x0209_X2AP_tx2relocoverall_expiry,int,10,0
dbo,FactQHourlycNum1,Call_Fail_Report-0x020A_X2AP_trelocprep_expiry,int,10,0
dbo,FactQHourlycNum1,Call_Fail_Report-0x020B_X2AP_cell_not_available,int,10,0
dbo,FactQHourlycNum1,Call_Fail_Report-0x020C_X2AP_no_radio_resources_available_in_target_cell,int,10,0
dbo,FactQHourlycNum1,Call_Fail_Report-0x020D_X2AP_invalid_MME_GroupID,int,10,0
dbo,FactQHourlycNum1,Call_Fail_Report-0x020E_X2AP_unknown_MME_Code,int,10,0
dbo,FactQHourlycNum1,Call_Fail_Report-0x020F_X2AP_encryption_and_or_integrity_protection_algorithms_not_supported,int,10,0
dbo,FactQHourlycNum1,Call_Fail_Report-0x0210_X2AP_reportCharacteristicsEmpty,int,10,0
dbo,FactQHourlycNum1,Call_Fail_Report-0x0211_X2AP_noReportPeriodicity,int,10,0
dbo,FactQHourlycNum1,Call_Fail_Report-0x0212_X2AP_existingMeasurementID,int,10,0
dbo,FactQHourlycNum1,Call_Fail_Report-0x0213_X2AP_unknown_eNB_Measurement_ID,int,10,0
dbo,FactQHourlycNum1,Call_Fail_Report-0x0214_X2AP_measurement_temporarily_not_available,int,10,0
dbo,FactQHourlycNum1,Call_Fail_Report-0x0215_X2AP_CauseRadioNetwork_unspecified,int,10,0
dbo,FactQHourlycNum1,Call_Fail_Report-0x0216_X2AP_load_balancing,int,10,0
dbo,FactQHourlycNum1,Call_Fail_Report-0x0217_X2AP_handover_optimisation,int,10,0
dbo,FactQHourlycNum1,Call_Fail_Report-0x0218_X2AP_value_out_of_allowed_range,int,10,0
dbo,FactQHourlycNum1,Call_Fail_Report-0x0219_X2AP_multiple_E_RAB_ID_instances,int,10,0
dbo,FactQHourlycNum1,Call_Fail_Report-0x021A_X2AP_switch_off_ongoing,int,10,0
dbo,FactQHourlycNum1,Call_Fail_Report-0x021E_X2AP_transport_resource_unavailable,int,10,0
dbo,FactQHourlycNum1,Call_Fail_Report-0x021F_X2AP_CauseTransport_unspecified,int,10,0
dbo,FactQHourlycNum1,Call_Fail_Report-0x0228_X2AP_transfer_syntax_error,int,10,0
dbo,FactQHourlycNum1,Call_Fail_Report-0x0229_X2AP_abstract_syntax_error_reject,int,10,0
dbo,FactQHourlycNum1,Call_Fail_Report-0x022A_X2AP_abstract_syntax_error_ignore_and_notify,int,10,0
dbo,FactQHourlycNum1,Call_Fail_Report-0x022B_X2AP_message_not_compatible_with_receiver_state,int,10,0
dbo,FactQHourlycNum1,Call_Fail_Report-0x022C_X2AP_semantic_error,int,10,0
dbo,FactQHourlycNum1,Call_Fail_Report-0x022D_X2AP_CauseProtocol_unspecified,int,10,0
dbo,FactQHourlycNum1,Call_Fail_Report-0x022E_X2AP_abstract_syntax_error_falsely_constructed_message,int,10,0
dbo,FactQHourlycNum1,Call_Fail_Report-0x0232_X2AP_control_processing_overload,int,10,0
dbo,FactQHourlycNum1,Call_Fail_Report-0x0233_X2AP_hardware_failure,int,10,0
dbo,FactQHourlycNum1,Call_Fail_Report-0x0234_X2AP_om_intervention,int,10,0
dbo,FactQHourlycNum1,Call_Fail_Report-0x0235_X2AP_not_enough_user_plane_processing_resources,int,10,0
dbo,FactQHourlycNum1,Call_Fail_Report-0x0236_X2AP_CauseMisc_unspecified,int,10,0
dbo,FactQHourlycNum1,Call_Fail_Report-0x0300_ECC_TMOUT_rrcConnectionSetupComplete,int,10,0
dbo,FactQHourlycNum1,Call_Fail_Report-0x0301_ECC_TMOUT_rrcConnectionReconfigComplete,int,10,0
dbo,FactQHourlycNum1,Call_Fail_Report-0x0302_ECC_TMOUT_rrcConnectionReEstablishComplete,int,10,0
dbo,FactQHourlycNum1,Call_Fail_Report-0x0303_ECC_TMOUT_rrcSecurityModeComplete,int,10,0
dbo,FactQHourlycNum1,Call_Fail_Report-0x0304_ECC_TMOUT_rrcUeCapabilityInformation,int,10,0
dbo,FactQHourlycNum1,Call_Fail_Report-0x0306_ECC_TMOUT_rrcHandoverPreparation,int,10,0
dbo,FactQHourlycNum1,Call_Fail_Report-0x0307_ECC_TMOUT_intra_HandoverCmdComplete,int,10,0
dbo,FactQHourlycNum1,Call_Fail_Report-0x0308_ECC_TMOUT_inter_X2HandoverCmdComplete,int,10,0
dbo,FactQHourlycNum1,Call_Fail_Report-0x0309_ECC_TMOUT_inter_S1HandoverCmdComplete,int,10,0
dbo,FactQHourlycNum1,Call_Fail_Report-0x0313_ECC_TMOUT_s1InitialContextSetupRequest,int,10,0
dbo,FactQHourlycNum1,Call_Fail_Report-0x0316_ECC_TMOUT_s1PathSwitchAck,int,10,0
dbo,FactQHourlycNum1,Call_Fail_Report-0x0317_ECC_TMOUT_s1HandoverPreparation,int,10,0
dbo,FactQHourlycNum1,Call_Fail_Report-0x0318_ECC_TMOUT_s1RelocOverall,int,10,0
dbo,FactQHourlycNum1,Call_Fail_Report-0x031A_ECC_TMOUT_s1MMEStatusTransfer,int,10,0
dbo,FactQHourlycNum1,Call_Fail_Report-0x0324_ECC_TMOUT_x2RelocOverall,int,10,0
dbo,FactQHourlycNum1,Call_Fail_Report-0x0325_ECC_TMOUT_x2SNStatusTransfer,int,10,0
dbo,FactQHourlycNum1,Call_Fail_Report-0x0330_ECC_TMOUT_internalResourceSetup,int,10,0
dbo,FactQHourlycNum1,Call_Fail_Report-0x0332_ECC_TMOUT_internalSecurityControl,int,10,0
dbo,FactQHourlycNum1,Call_Fail_Report-0x0334_ECC_TMOUT_internalForwardingPathSetup,int,10,0
dbo,FactQHourlycNum1,Call_Fail_Report-0x0335_ECC_TMOUT_internalReestablishControl,int,10,0
dbo,FactQHourlycNum1,Call_Fail_Report-0x0336_ECC_TMOUT_internalBufferFlush,int,10,0
dbo,FactQHourlycNum1,Call_Fail_Report-0x0337_ECC_TMOUT_internalDataTransferStart,int,10,0
dbo,FactQHourlycNum1,Call_Fail_Report-0x0341_ECC_USER_INACTIVITY,int,10,0
dbo,FactQHourlycNum1,Call_Fail_Report-0x0342_ECC_ARQ_MAX_RE_TRANSMISSION,int,10,0
dbo,FactQHourlycNum1,Call_Fail_Report-0x0343_ECC_RADIO_LINK_FAILURE,int,10,0
dbo,FactQHourlycNum1,Call_Fail_Report-0x0344_ECC_UE_CONTEXT_NOT_FOUND,int,10,0
dbo,FactQHourlycNum1,Call_Fail_Report-0x0345_ECC_S1AP_SN_STATUS_NOT_RECEIVED,int,10,0
dbo,FactQHourlycNum1,Call_Fail_Report-0x0346_ECC_REEST_FAIL_INVALID_STATE,int,10,0
dbo,FactQHourlycNum1,Call_Fail_Report-0x0347_ECC_CDMA_HANDOVER_PREPARATION_FAILURE,int,10,0
dbo,FactQHourlycNum1,Call_Fail_Report-0x0348_ECC_RCV_S1_UECTXTRELEASECMD_ABNORMAL_STATE,int,10,0
dbo,FactQHourlycNum1,Call_Fail_Report-0x0349_ECC_RCV_RESET_REQUEST_FROM_ECMB,int,10,0
dbo,FactQHourlycNum1,Call_Fail_Report-0x034A_ECC_RCV_S1_RESET_FROM_MME,int,10,0
dbo,FactQHourlycNum1,Call_Fail_Report-0x034B_ECC_RCV_X2_RESETREQUEST,int,10,0
dbo,FactQHourlycNum1,Call_Fail_Report-0x034C_ECC_S1_SCTP_OUT_OF_SERVICE,int,10,0
dbo,FactQHourlycNum1,Call_Fail_Report-0x034D_ECC_RCV_CELL_RELEASE_IND_FROM_ECMB,int,10,0
dbo,FactQHourlycNum1,Call_Fail_Report-0x034E_ECC_DSP_AUDIT_RLC_CALL_RELEASE,int,10,0
dbo,FactQHourlycNum1,Call_Fail_Report-0x034F_ECC_DSP_AUDIT_MAC_CALL_RELEASE,int,10,0
dbo,FactQHourlycNum1,Call_Fail_Report-0x0350_ECC_DSP_AUDIT_RLC_MAC_CALL_RELEASE,int,10,0
dbo,FactQHourlycNum1,Call_Fail_Report-0x0351_ECC_SEC_ALGORITHMS_COMBINATION_INVALID,int,10,0
dbo,FactQHourlycNum1,Call_Fail_Report-0x0352_ECC_X2_SCTP_OUT_OF_SERVICE,int,10,0
dbo,FactQHourlycNum1,Call_Fail_Report-0x0353_ECC_RELEASE_DUE_TO_ENB_GENERATED_REASON,int,10,0
dbo,FactQHourlycNum1,Call_Fail_Report-0x0365_RRM_FAIL,int,10,0
dbo,FactQHourlycNum1,Call_Fail_Report-0x0366_RRM_CELL_BARRED,int,10,0
dbo,FactQHourlycNum1,Call_Fail_Report-0x0367_RRM_MAX_CALL_COUNT_OVER,int,10,0
dbo,FactQHourlycNum1,Call_Fail_Report-0x0368_RRM_MAX_DRB_COUNT_OVER,int,10,0
dbo,FactQHourlycNum1,Call_Fail_Report-0x0369_RRM_QOSCAC_FAIL,int,10,0
dbo,FactQHourlycNum1,Call_Fail_Report-0x036A_RRM_PREEMPTION_FAIL,int,10,0
dbo,FactQHourlycNum1,Call_Fail_Report-0x036B_RRM_CALLRSC_FAIL,int,10,0
dbo,FactQHourlycNum1,Call_Fail_Report-0x036C_RRM_BHCAC_FAIL,int,10,0
dbo,FactQHourlycNum1,Call_Fail_Report-0x036D_RRM_SRSRSC_FAIL,int,10,0
dbo,FactQHourlycNum1,Call_Fail_Report-0x036E_RRM_CQIRSC_FAIL,int,10,0
dbo,FactQHourlycNum1,Call_Fail_Report-0x036F_RRM_SPSRSC_FAIL,int,10,0
dbo,FactQHourlycNum1,Call_Fail_Report-0x0370_RRM_N1PUCCHRSC_FAIL,int,10,0
dbo,FactQHourlycNum1,Call_Fail_Report-0x0371_RRM_SRRSC_FAIL,int,10,0
dbo,FactQHourlycNum1,Call_Fail_Report-0x0372_RRM_TPCRSC_FAIL,int,10,0
dbo,FactQHourlycNum1,Call_Fail_Report-0x0373_RRM_ALL_MME_NOT_SERVICE,int,10,0
dbo,FactQHourlycNum1,Call_Fail_Report-0x0374_RRM_MME_OVERLOAD,int,10,0
dbo,FactQHourlycNum1,Call_Fail_Report-0x0375_RRM_NOT_EXIST_MME,int,10,0
dbo,FactQHourlycNum1,Call_Fail_Report-0x0376_RRM_AVAILABLE_MME_NOT_EXIST,int,10,0
dbo,FactQHourlycNum1,Call_Fail_Report-0x0377_RRM_UE_STMSI_DUPLICATE,int,10,0
dbo,FactQHourlycNum1,Call_Fail_Report-0x0600_GTP_SETIP_FAIL,int,10,0
dbo,FactQHourlycNum1,Call_Fail_Report-0x0601_GTP_RELEASE_FAIL,int,10,0
dbo,FactQHourlycNum1,Call_Fail_Report-0x0602_GTP_MODIFY_FAIL,int,10,0
dbo,FactQHourlycNum1,Call_Fail_Report-0x0603_GTP_RESET_FAIL,int,10,0
dbo,FactQHourlycNum1,Call_Fail_Report-0x0604_GTP_PATH_FAIL,int,10,0
dbo,FactQHourlycNum1,Call_Fail_Report-0x0605_GTP_NOT_SUPPORT_EH,int,10,0
dbo,FactQHourlycNum1,Call_Fail_Report-0x0606_GTP_RCV_ERROR_IND_FROM_GW,int,10,0
dbo,FactQHourlycNum1,Call_Fail_Report-0x0700_PDCP_INVALID_CALLID,int,10,0
dbo,FactQHourlycNum1,Call_Fail_Report-0x0701_PDCP_INVALID_RBID,int,10,0
dbo,FactQHourlycNum1,Call_Fail_Report-0x0702_PDCP_INVALID_NUMOFRB,int,10,0
dbo,FactQHourlycNum1,Call_Fail_Report-0x0703_PDCP_INVALID_RLCMODE,int,10,0
dbo,FactQHourlycNum1,Call_Fail_Report-0x0704_PDCP_INVALID_SETUPTYPE,int,10,0
dbo,FactQHourlycNum1,Call_Fail_Report-0x0705_PDCP_INVALID_CNTLTYPE,int,10,0
dbo,FactQHourlycNum1,Call_Fail_Report-0x0706_PDCP_INVALID_PDCPSNTYPE,int,10,0
dbo,FactQHourlycNum1,Call_Fail_Report-0x0707_PDCP_INVALID_LOCHTYPE,int,10,0
dbo,FactQHourlycNum1,Call_Fail_Report-0x0708_PDCP_ROHC_SETUP_FAIL,int,10,0
dbo,FactQHourlycNum1,Call_Fail_Report-0x0709_PDCP_INACTIVATE_RBID,int,10,0
dbo,FactQHourlycNum1,Call_Fail_Report-0x070A_PDCP_SRB_INTEGRITY_FAIL,int,10,0
dbo,FactQHourlycNum1,Call_Fail_Report-0x0846_RLC_INVALID_PARAMETER,int,10,0
dbo,FactQHourlycNum1,Call_Fail_Report-0x0847_RLC_NO_MORE_RESOURCE,int,10,0
dbo,FactQHourlycNum1,Call_Fail_Report-0x0848_RLC_CELL_IS_IDLE,int,10,0
dbo,FactQHourlycNum1,Call_Fail_Report-0x0849_RLC_CALL_IS_NOT_ACTIVE,int,10,0
dbo,FactQHourlycNum1,Call_Fail_Report-0x0880_RLC_ERROR_EMPTY_MSG,int,10,0
dbo,FactQHourlycNum1,Call_Fail_Report-0x0881_RLC_ERROR_UNKNOWN_MSG_ID,int,10,0
dbo,FactQHourlycNum1,Call_Fail_Report-0x0882_RLC_ERROR_INVALID_DATA_LEN,int,10,0
dbo,FactQHourlycNum1,Call_Fail_Report-0x0883_RLC_ERROR_NO_RSP_FROM_DL,int,10,0
dbo,FactQHourlycNum1,Call_Fail_Report-0x0884_RLC_ERROR_NO_RSP_FROM_UL,int,10,0
dbo,FactQHourlycNum1,Call_Fail_Report-0x0885_RLC_ERROR_NO_RSP_FROM_DLUL,int,10,0
dbo,FactQHourlycNum1,Call_Fail_Report-0x0886_RLC_ERROR_RX_BEFORE_RLC_READY,int,10,0
dbo,FactQHourlycNum1,Call_Fail_Report-0x0887_RLC_ERROR_INVALID_RLC_TRANSACTION_ID,int,10,0
dbo,FactQHourlycNum1,Call_Fail_Report-0x0888_RLC_ERROR_INVALID_CONTEXT,int,10,0
dbo,FactQHourlycNum1,Call_Fail_Report-0x0889_RLC_ERROR_RLC_CONTEXT_FULL,int,10,0
dbo,FactQHourlycNum1,Call_Fail_Report-0x0900_MAC_INVALID_MSGID,int,10,0
dbo,FactQHourlycNum1,Call_Fail_Report-0x0901_MAC_INVALID_SETUPTYPE,int,10,0
dbo,FactQHourlycNum1,Call_Fail_Report-0x0902_MAC_INVALID_CALL_CELLID,int,10,0
dbo,FactQHourlycNum1,Call_Fail_Report-0x0903_MAC_INVALID_PARAMETER,int,10,0
dbo,FactQHourlycNum1,Call_Fail_Report-0x0904_MAC_INSUFFICIENT_RESOURCE,int,10,0
dbo,FactQHourlycNum1,Call_Fail_Report-0x0905_MAC_NOT_ASSIGNED_RB,int,10,0
dbo,FactQHourlycNum1,Call_Fail_Report-0x0906_MAC_NOT_ASSIGNED_UE,int,10,0
dbo,FactQHourlycNum1,Call_Fail_Report-0x0908_MAC_NOT_ASSIGN_SRB1,int,10,0
dbo,FactQHourlycNum1,Call_Fail_Report-0x0909_MAC_INVALID_RB_CONFIG,int,10,0
dbo,FactQHourlycNum1,Call_Fail_Report-0x090A_MAC_INVALID_CELL_ID,int,10,0
dbo,FactQHourlycNum1,Cell_PDCP_SDU_bit_rate-PdcpSduBitrateDl,decimal,12,4
dbo,FactQHourlycNum1,Cell_PDCP_SDU_bit_rate-PdcpSduBitrateDlTot,decimal,12,4
dbo,FactQHourlycNum1,Cell_PDCP_SDU_bit_rate-PdcpSduBitrateDlCnt,int,10,0
dbo,FactQHourlycNum1,Cell_PDCP_SDU_bit_rate-PdcpSduBitrateUl,decimal,12,4
dbo,FactQHourlycNum1,Cell_PDCP_SDU_bit_rate-PdcpSduBitrateUlTot,decimal,12,4
dbo,FactQHourlycNum1,Cell_PDCP_SDU_bit_rate-PdcpSduBitrateUlCnt,int,10,0
dbo,FactQHourlycNum1,Cell_Throughput-AvgCellThruDl,decimal,12,4
dbo,FactQHourlycNum1,Cell_Throughput-PeakCellThruDl_Old,decimal,12,4
dbo,FactQHourlycNum1,Cell_Throughput-UsefulCellThruDlTime,decimal,12,4
dbo,FactQHourlycNum1,Cell_Throughput-CellThruDlTot_Old,decimal,12,4
dbo,FactQHourlycNum1,Cell_Throughput-UsefulCellThruDlCnt,int,10,0
dbo,FactQHourlycNum1,Cell_Throughput-AvgCellThruUl,decimal,12,4
dbo,FactQHourlycNum1,Cell_Throughput-PeakCellThruUl_Old,decimal,12,4
dbo,FactQHourlycNum1,Cell_Throughput-UsefulCellThruUlTime,decimal,12,4
dbo,FactQHourlycNum1,Cell_Throughput-CellThruUlTot_Old,decimal,12,4
dbo,FactQHourlycNum1,Cell_Throughput-UsefulCellThruUlCnt,int,10,0
dbo,FactQHourlycNum1,Cell_Unavailable_Time-CellUnavailableTimeLock,int,10,0
dbo,FactQHourlycNum1,Cell_Unavailable_Time-CellUnavailableTimeDown,int,10,0
dbo,FactQHourlycNum1,DL_PMI-DlReceivedPMI0,int,10,0
dbo,FactQHourlycNum1,DL_PMI-DlReceivedPMI1,int,10,0
dbo,FactQHourlycNum1,DL_PMI-DlReceivedPMI2,int,10,0
dbo,FactQHourlycNum1,DL_PMI-DlReceivedPMI3,int,10,0
dbo,FactQHourlycNum1,DL_PMI-DlReceivedPMI4,int,10,0
dbo,FactQHourlycNum1,DL_PMI-DlReceivedPMI5,int,10,0
dbo,FactQHourlycNum1,DL_PMI-DlReceivedPMI6,int,10,0
dbo,FactQHourlycNum1,DL_PMI-DlReceivedPMI7,int,10,0
dbo,FactQHourlycNum1,DL_PMI-DlReceivedPMI8,int,10,0
dbo,FactQHourlycNum1,DL_PMI-DlReceivedPMI9,int,10,0
dbo,FactQHourlycNum1,DL_PMI-DlReceivedPMI10,int,10,0
dbo,FactQHourlycNum1,DL_PMI-DlReceivedPMI11,int,10,0
dbo,FactQHourlycNum1,DL_PMI-DlReceivedPMI12,int,10,0
dbo,FactQHourlycNum1,DL_PMI-DlReceivedPMI13,int,10,0
dbo,FactQHourlycNum1,DL_PMI-DlReceivedPMI14,int,10,0
dbo,FactQHourlycNum1,DL_PMI-DlReceivedPMI15,int,10,0
dbo,FactQHourlycNum1,DL_RI-DlReceivedRI0,int,10,0
dbo,FactQHourlycNum1,DL_RI-DlReceivedRI1,int,10,0
dbo,FactQHourlycNum1,DL_RI-DlReceivedRI2,int,10,0
dbo,FactQHourlycNum1,DL_RI-DlReceivedRI3,int,10,0
dbo,FactQHourlycNum1,DL_RI-DlReceivedRI4,int,10,0
dbo,FactQHourlycNum1,DL_RI-DlReceivedRIAvg,decimal,12,4
dbo,FactQHourlycNum1,DL_UL_Total_PRB_Usage-TotPrbDl,decimal,12,4
dbo,FactQHourlycNum1,DL_UL_Total_PRB_Usage-TotPrbDlMin,decimal,12,4
dbo,FactQHourlycNum1,DL_UL_Total_PRB_Usage-TotPrbDlMax,decimal,12,4
dbo,FactQHourlycNum1,DL_UL_Total_PRB_Usage-TotPrbDlTot,decimal,12,4
dbo,FactQHourlycNum1,DL_UL_Total_PRB_Usage-TotPrbDlCnt,int,10,0
dbo,FactQHourlycNum1,DL_UL_Total_PRB_Usage-TotGbrPrbDl,decimal,12,4
dbo,FactQHourlycNum1,DL_UL_Total_PRB_Usage-TotGbrPrbDlMin,decimal,12,4
dbo,FactQHourlycNum1,DL_UL_Total_PRB_Usage-TotGbrPrbDlMax,decimal,12,4
dbo,FactQHourlycNum1,DL_UL_Total_PRB_Usage-TotGbrPrbDlTot,decimal,12,4
dbo,FactQHourlycNum1,DL_UL_Total_PRB_Usage-TotGbrPrbDlCnt,int,10,0
dbo,FactQHourlycNum1,DL_UL_Total_PRB_Usage-TotNGbrPrbDl,decimal,12,4
dbo,FactQHourlycNum1,DL_UL_Total_PRB_Usage-TotNGbrPrbDlMin,decimal,12,4
dbo,FactQHourlycNum1,DL_UL_Total_PRB_Usage-TotNGbrPrbDlMax,decimal,12,4
dbo,FactQHourlycNum1,DL_UL_Total_PRB_Usage-TotNGbrPrbDlTot,decimal,12,4
dbo,FactQHourlycNum1,DL_UL_Total_PRB_Usage-TotNGbrPrbDlCnt,int,10,0
dbo,FactQHourlycNum1,DL_UL_Total_PRB_Usage-TotPrbUl,decimal,12,4
dbo,FactQHourlycNum1,DL_UL_Total_PRB_Usage-TotPrbUlMin,decimal,12,4
dbo,FactQHourlycNum1,DL_UL_Total_PRB_Usage-TotPrbUlMax,decimal,12,4
dbo,FactQHourlycNum1,DL_UL_Total_PRB_Usage-TotPrbUlTot,decimal,12,4
dbo,FactQHourlycNum1,DL_UL_Total_PRB_Usage-TotPrbUlCnt,int,10,0
dbo,FactQHourlycNum1,DL_UL_Total_PRB_Usage-TotGbrPrbUl,decimal,12,4
dbo,FactQHourlycNum1,DL_UL_Total_PRB_Usage-TotGbrPrbUlMin,decimal,12,4
dbo,FactQHourlycNum1,DL_UL_Total_PRB_Usage-TotGbrPrbUlMax,decimal,12,4
dbo,FactQHourlycNum1,DL_UL_Total_PRB_Usage-TotGbrPrbUlTot,decimal,12,4
dbo,FactQHourlycNum1,DL_UL_Total_PRB_Usage-TotGbrPrbUlCnt,int,10,0
dbo,FactQHourlycNum1,DL_UL_Total_PRB_Usage-TotNGbrPrbUl,decimal,12,4
dbo,FactQHourlycNum1,DL_UL_Total_PRB_Usage-TotNGbrPrbUlMin,decimal,12,4
dbo,FactQHourlycNum1,DL_UL_Total_PRB_Usage-TotNGbrPrbUlMax,decimal,12,4
dbo,FactQHourlycNum1,DL_UL_Total_PRB_Usage-TotNGbrPrbUlTot,decimal,12,4
dbo,FactQHourlycNum1,DL_UL_Total_PRB_Usage-TotNGbrPrbUlCnt,int,10,0
dbo,FactQHourlycNum1,DL_UL_Total_PRB_Usage-TotPrbDlCurrent,decimal,12,4
dbo,FactQHourlycNum1,DL_UL_Total_PRB_Usage-TotPrbUlCurrent,decimal,12,4
dbo,FactQHourlycNum1,DL_UL_transmission-DlResidualBLER_Retrans0,decimal,12,4
dbo,FactQHourlycNum1,DL_UL_transmission-DlResidualBLER_Retrans1,decimal,12,4
dbo,FactQHourlycNum1,DL_UL_transmission-DlResidualBLER_Retrans2,decimal,12,4
dbo,FactQHourlycNum1,DL_UL_transmission-DlResidualBLER_Retrans3,decimal,12,4
dbo,FactQHourlycNum1,DL_UL_transmission-UlResidualBLER_Retrans0,decimal,12,4
dbo,FactQHourlycNum1,DL_UL_transmission-UlResidualBLER_Retrans1,decimal,12,4
dbo,FactQHourlycNum1,DL_UL_transmission-UlResidualBLER_Retrans2,decimal,12,4
dbo,FactQHourlycNum1,DL_UL_transmission-UlResidualBLER_Retrans3,decimal,12,4
dbo,FactQHourlycNum1,DL_UL_transmission-UlResidualBLER_Retrans4,decimal,12,4
dbo,FactQHourlycNum1,DL_UL_transmission-UlResidualBLER_Retrans5,decimal,12,4
dbo,FactQHourlycNum1,DL_UL_transmission-UlResidualBLER_Retrans6,decimal,12,4
dbo,FactQHourlycNum1,DL_UL_transmission-UlResidualBLER_Retrans7,decimal,12,4
dbo,FactQHourlycNum1,DL_UL_transmission-UlResidualBLER_Retrans8,decimal,12,4
dbo,FactQHourlycNum1,DL_UL_transmission-UlResidualBLER_Retrans9,decimal,12,4
dbo,FactQHourlycNum1,DL_UL_transmission-UlResidualBLER_Retrans10,decimal,12,4
dbo,FactQHourlycNum1,DL_UL_transmission-UlResidualBLER_Retrans11,decimal,12,4
dbo,FactQHourlycNum1,DL_UL_transmission-UlResidualBLER_Retrans12,decimal,12,4
dbo,FactQHourlycNum1,DL_UL_transmission-UlResidualBLER_Retrans13,decimal,12,4
dbo,FactQHourlycNum1,DL_UL_transmission-UlResidualBLER_Retrans14,decimal,12,4
dbo,FactQHourlycNum1,DL_UL_transmission-UlResidualBLER_Retrans15,decimal,12,4
dbo,FactQHourlycNum1,DL_UL_transmission-UlResidualBLER_Retrans16,decimal,12,4
dbo,FactQHourlycNum1,DL_UL_transmission-UlResidualBLER_Retrans17,decimal,12,4
dbo,FactQHourlycNum1,DL_UL_transmission-UlResidualBLER_Retrans18,decimal,12,4
dbo,FactQHourlycNum1,DL_UL_transmission-UlResidualBLER_Retrans19,decimal,12,4
dbo,FactQHourlycNum1,DL_UL_transmission-UlResidualBLER_Retrans20,decimal,12,4
dbo,FactQHourlycNum1,DL_UL_transmission-UlResidualBLER_Retrans21,decimal,12,4
dbo,FactQHourlycNum1,DL_UL_transmission-UlResidualBLER_Retrans22,decimal,12,4
dbo,FactQHourlycNum1,DL_UL_transmission-UlResidualBLER_Retrans23,decimal,12,4
dbo,FactQHourlycNum1,DL_UL_transmission-UlResidualBLER_Retrans24,decimal,12,4
dbo,FactQHourlycNum1,DL_UL_transmission-UlResidualBLER_Retrans25,decimal,12,4
dbo,FactQHourlycNum1,DL_UL_transmission-UlResidualBLER_Retrans26,decimal,12,4
dbo,FactQHourlycNum1,DL_UL_transmission-UlResidualBLER_Retrans27,decimal,12,4
dbo,FactQHourlycNum1,DL_UL_transmission-DlTransmission_Retrans0,int,10,0
dbo,FactQHourlycNum1,DL_UL_transmission-DlTransmission_Retrans1,int,10,0
dbo,FactQHourlycNum1,DL_UL_transmission-DlTransmission_Retrans2,int,10,0
dbo,FactQHourlycNum1,DL_UL_transmission-DlTransmission_Retrans3,int,10,0
dbo,FactQHourlycNum1,DL_UL_transmission-DlTransmission_Nacked_Retrans3,int,10,0
dbo,FactQHourlycNum1,DL_UL_transmission-UlTransmission_Retrans0,int,10,0
dbo,FactQHourlycNum1,DL_UL_transmission-UlTransmission_Retrans1,int,10,0
dbo,FactQHourlycNum1,DL_UL_transmission-UlTransmission_Retrans2,int,10,0
dbo,FactQHourlycNum1,DL_UL_transmission-UlTransmission_Retrans3,int,10,0
dbo,FactQHourlycNum1,DL_UL_transmission-UlTransmission_Retrans4,int,10,0
dbo,FactQHourlycNum1,DL_UL_transmission-UlTransmission_Retrans5,int,10,0
dbo,FactQHourlycNum1,DL_UL_transmission-UlTransmission_Retrans6,int,10,0
dbo,FactQHourlycNum1,DL_UL_transmission-UlTransmission_Retrans7,int,10,0
dbo,FactQHourlycNum1,DL_UL_transmission-UlTransmission_Retrans8,int,10,0
dbo,FactQHourlycNum1,DL_UL_transmission-UlTransmission_Retrans9,int,10,0
dbo,FactQHourlycNum1,DL_UL_transmission-UlTransmission_Retrans10,int,10,0
dbo,FactQHourlycNum1,DL_UL_transmission-UlTransmission_Retrans11,int,10,0
dbo,FactQHourlycNum1,DL_UL_transmission-UlTransmission_Retrans12,int,10,0
dbo,FactQHourlycNum1,DL_UL_transmission-UlTransmission_Retrans13,int,10,0
dbo,FactQHourlycNum1,DL_UL_transmission-UlTransmission_Retrans14,int,10,0
dbo,FactQHourlycNum1,DL_UL_transmission-UlTransmission_Retrans15,int,10,0
dbo,FactQHourlycNum1,DL_UL_transmission-UlTransmission_Retrans16,int,10,0
dbo,FactQHourlycNum1,DL_UL_transmission-UlTransmission_Retrans17,int,10,0
dbo,FactQHourlycNum1,DL_UL_transmission-UlTransmission_Retrans18,int,10,0
dbo,FactQHourlycNum1,DL_UL_transmission-UlTransmission_Retrans19,int,10,0
dbo,FactQHourlycNum1,DL_UL_transmission-UlTransmission_Retrans20,int,10,0
dbo,FactQHourlycNum1,DL_UL_transmission-UlTransmission_Retrans21,int,10,0
dbo,FactQHourlycNum1,DL_UL_transmission-UlTransmission_Retrans22,int,10,0
dbo,FactQHourlycNum1,DL_UL_transmission-UlTransmission_Retrans23,int,10,0
dbo,FactQHourlycNum1,DL_UL_transmission-UlTransmission_Retrans24,int,10,0
dbo,FactQHourlycNum1,DL_UL_transmission-UlTransmission_Retrans25,int,10,0
dbo,FactQHourlycNum1,DL_UL_transmission-UlTransmission_Retrans26,int,10,0
dbo,FactQHourlycNum1,DL_UL_transmission-UlTransmission_Retrans27,int,10,0
dbo,FactQHourlycNum1,DL_UL_transmission-UlTransmission_Nacked_Retrans27,int,10,0
dbo,FactQHourlycNum1,DL_UL_transmission-DlResidualBLER_RetransMin,int,10,0
dbo,FactQHourlycNum1,DL_UL_transmission-DlResidualBLER_RetransMax,int,10,0
dbo,FactQHourlycNum1,DL_UL_transmission-DlResidualBLER_RetransAvg,decimal,12,4
dbo,FactQHourlycNum1,DL_UL_transmission-UlResidualBLER_RetransMin,int,10,0
dbo,FactQHourlycNum1,DL_UL_transmission-UlResidualBLER_RetransMax,int,10,0
dbo,FactQHourlycNum1,DL_UL_transmission-UlResidualBLER_RetransAvg,decimal,12,4
dbo,FactQHourlycNum1,DL_UL_transmission-DlResidualBLER_RetransNak,decimal,12,4
dbo,FactQHourlycNum1,DL_UL_transmission-UlResidualBLER_RetransNak,decimal,12,4
dbo,FactQHourlycNum1,E_RAB_activity_UE-SessionTimeUE,decimal,12,4
dbo,FactQHourlycNum1,E_RAB_activity_UE-SessionTimeUETot,decimal,12,4
dbo,FactQHourlycNum1,E_RAB_activity_UE-SessionTimeUECnt,int,10,0
dbo,FactQHourlycNum1,Load-LoadIndicatorAvg,decimal,12,4
dbo,FactQHourlycNum1,Load-LoadIndicatorMin,decimal,12,4
dbo,FactQHourlycNum1,Load-LoadIndicatorMax,decimal,12,4
dbo,FactQHourlycNum1,Load-LoadIndicatorTot,decimal,12,4
dbo,FactQHourlycNum1,Load-LoadIndicatorCnt,int,10,0
dbo,FactQHourlycNum1,Load-OverloadCount,int,10,0
dbo,FactQHourlycNum1,Load-MlbDurationAvg,decimal,12,4
dbo,FactQHourlycNum1,Load-MlbDurationMin,decimal,12,4
dbo,FactQHourlycNum1,Load-MlbDurationMax,decimal,12,4
dbo,FactQHourlycNum1,Load-MlbDurationTot,decimal,12,4
dbo,FactQHourlycNum1,Load-MlbDurationCnt,int,10,0
dbo,FactQHourlycNum1,MCS_performance-PdschBLERperMCS0,decimal,12,4
dbo,FactQHourlycNum1,MCS_performance-PdschBLERperMCS1,decimal,12,4
dbo,FactQHourlycNum1,MCS_performance-PdschBLERperMCS2,decimal,12,4
dbo,FactQHourlycNum1,MCS_performance-PdschBLERperMCS3,decimal,12,4
dbo,FactQHourlycNum1,MCS_performance-PdschBLERperMCS4,decimal,12,4
dbo,FactQHourlycNum1,MCS_performance-PdschBLERperMCS5,decimal,12,4
dbo,FactQHourlycNum1,MCS_performance-PdschBLERperMCS6,decimal,12,4
dbo,FactQHourlycNum1,MCS_performance-PdschBLERperMCS7,decimal,12,4
dbo,FactQHourlycNum1,MCS_performance-PdschBLERperMCS8,decimal,12,4
dbo,FactQHourlycNum1,MCS_performance-PdschBLERperMCS9,decimal,12,4
dbo,FactQHourlycNum1,MCS_performance-PdschBLERperMCS10,decimal,12,4
dbo,FactQHourlycNum1,MCS_performance-PdschBLERperMCS11,decimal,12,4
dbo,FactQHourlycNum1,MCS_performance-PdschBLERperMCS12,decimal,12,4
dbo,FactQHourlycNum1,MCS_performance-PdschBLERperMCS13,decimal,12,4
dbo,FactQHourlycNum1,MCS_performance-PdschBLERperMCS14,decimal,12,4
dbo,FactQHourlycNum1,MCS_performance-PdschBLERperMCS15,decimal,12,4
dbo,FactQHourlycNum1,MCS_performance-PdschBLERperMCS16,decimal,12,4
dbo,FactQHourlycNum1,MCS_performance-PdschBLERperMCS17,decimal,12,4
dbo,FactQHourlycNum1,MCS_performance-PdschBLERperMCS18,decimal,12,4
dbo,FactQHourlycNum1,MCS_performance-PdschBLERperMCS19,decimal,12,4
dbo,FactQHourlycNum1,MCS_performance-PdschBLERperMCS20,decimal,12,4
dbo,FactQHourlycNum1,MCS_performance-PdschBLERperMCS21,decimal,12,4
dbo,FactQHourlycNum1,MCS_performance-PdschBLERperMCS22,decimal,12,4
dbo,FactQHourlycNum1,MCS_performance-PdschBLERperMCS23,decimal,12,4
dbo,FactQHourlycNum1,MCS_performance-PdschBLERperMCS24,decimal,12,4
dbo,FactQHourlycNum1,MCS_performance-PdschBLERperMCS25,decimal,12,4
dbo,FactQHourlycNum1,MCS_performance-PdschBLERperMCS26,decimal,12,4
dbo,FactQHourlycNum1,MCS_performance-PdschBLERperMCS27,decimal,12,4
dbo,FactQHourlycNum1,MCS_performance-PdschBLERperMCS28,decimal,12,4
dbo,FactQHourlycNum1,MCS_performance-PdschBLERperMCS29,decimal,12,4
dbo,FactQHourlycNum1,MCS_performance-PdschBLERperMCS30,decimal,12,4
dbo,FactQHourlycNum1,MCS_performance-PdschBLERperMCS31,decimal,12,4
dbo,FactQHourlycNum1,MCS_performance-PdschBLERperMCS0_Tot,decimal,12,4
dbo,FactQHourlycNum1,MCS_performance-PdschBLERperMCS1_Tot,decimal,12,4
dbo,FactQHourlycNum1,MCS_performance-PdschBLERperMCS2_Tot,decimal,12,4
dbo,FactQHourlycNum1,MCS_performance-PdschBLERperMCS3_Tot,decimal,12,4
dbo,FactQHourlycNum1,MCS_performance-PdschBLERperMCS4_Tot,decimal,12,4
dbo,FactQHourlycNum1,MCS_performance-PdschBLERperMCS5_Tot,decimal,12,4
dbo,FactQHourlycNum1,MCS_performance-PdschBLERperMCS6_Tot,decimal,12,4
dbo,FactQHourlycNum1,MCS_performance-PdschBLERperMCS7_Tot,decimal,12,4
dbo,FactQHourlycNum1,MCS_performance-PdschBLERperMCS8_Tot,decimal,12,4
dbo,FactQHourlycNum1,MCS_performance-PdschBLERperMCS9_Tot,decimal,12,4
dbo,FactQHourlycNum1,MCS_performance-PdschBLERperMCS10_Tot,decimal,12,4
dbo,FactQHourlycNum1,MCS_performance-PdschBLERperMCS11_Tot,decimal,12,4
dbo,FactQHourlycNum1,MCS_performance-PdschBLERperMCS12_Tot,decimal,12,4
dbo,FactQHourlycNum1,MCS_performance-PdschBLERperMCS13_Tot,decimal,12,4
dbo,FactQHourlycNum1,MCS_performance-PdschBLERperMCS14_Tot,decimal,12,4
dbo,FactQHourlycNum1,MCS_performance-PdschBLERperMCS15_Tot,decimal,12,4
dbo,FactQHourlycNum1,MCS_performance-PdschBLERperMCS16_Tot,decimal,12,4
dbo,FactQHourlycNum1,MCS_performance-PdschBLERperMCS17_Tot,decimal,12,4
dbo,FactQHourlycNum1,MCS_performance-PdschBLERperMCS18_Tot,decimal,12,4
dbo,FactQHourlycNum1,MCS_performance-PdschBLERperMCS19_Tot,decimal,12,4
dbo,FactQHourlycNum1,MCS_performance-PdschBLERperMCS20_Tot,decimal,12,4
dbo,FactQHourlycNum1,MCS_performance-PdschBLERperMCS21_Tot,decimal,12,4
dbo,FactQHourlycNum1,MCS_performance-PdschBLERperMCS22_Tot,decimal,12,4
dbo,FactQHourlycNum1,MCS_performance-PdschBLERperMCS23_Tot,decimal,12,4
dbo,FactQHourlycNum1,MCS_performance-PdschBLERperMCS24_Tot,decimal,12,4
dbo,FactQHourlycNum1,MCS_performance-PdschBLERperMCS25_Tot,decimal,12,4
dbo,FactQHourlycNum1,MCS_performance-PdschBLERperMCS26_Tot,decimal,12,4
dbo,FactQHourlycNum1,MCS_performance-PdschBLERperMCS27_Tot,decimal,12,4
dbo,FactQHourlycNum1,MCS_performance-PdschBLERperMCS28_Tot,decimal,12,4
dbo,FactQHourlycNum1,MCS_performance-PdschBLERperMCS29_Tot,decimal,12,4
dbo,FactQHourlycNum1,MCS_performance-PdschBLERperMCS30_Tot,decimal,12,4
dbo,FactQHourlycNum1,MCS_performance-PdschBLERperMCS31_Tot,decimal,12,4
dbo,FactQHourlycNum1,MCS_performance-PdschBLERperMCS0_Cnt,int,10,0
dbo,FactQHourlycNum1,MCS_performance-PdschBLERperMCS1_Cnt,int,10,0
dbo,FactQHourlycNum1,MCS_performance-PdschBLERperMCS2_Cnt,int,10,0
dbo,FactQHourlycNum1,MCS_performance-PdschBLERperMCS3_Cnt,int,10,0
dbo,FactQHourlycNum1,MCS_performance-PdschBLERperMCS4_Cnt,int,10,0
dbo,FactQHourlycNum1,MCS_performance-PdschBLERperMCS5_Cnt,int,10,0
dbo,FactQHourlycNum1,MCS_performance-PdschBLERperMCS6_Cnt,int,10,0
dbo,FactQHourlycNum1,MCS_performance-PdschBLERperMCS7_Cnt,int,10,0
dbo,FactQHourlycNum1,MCS_performance-PdschBLERperMCS8_Cnt,int,10,0
dbo,FactQHourlycNum1,MCS_performance-PdschBLERperMCS9_Cnt,int,10,0
dbo,FactQHourlycNum1,MCS_performance-PdschBLERperMCS10_Cnt_Old,int,10,0
dbo,FactQHourlycNum1,MCS_performance-PdschBLERperMCS11_Cnt,int,10,0
dbo,FactQHourlycNum1,MCS_performance-PdschBLERperMCS12_Cnt,int,10,0
dbo,FactQHourlycNum1,MCS_performance-PdschBLERperMCS13_Cnt,int,10,0
dbo,FactQHourlycNum1,MCS_performance-PdschBLERperMCS14_Cnt,int,10,0
dbo,FactQHourlycNum1,MCS_performance-PdschBLERperMCS15_Cnt,int,10,0
dbo,FactQHourlycNum1,MCS_performance-PdschBLERperMCS16_Cnt,int,10,0
dbo,FactQHourlycNum1,MCS_performance-PdschBLERperMCS17_Cnt,int,10,0
dbo,FactQHourlycNum1,MCS_performance-PdschBLERperMCS18_Cnt,int,10,0
dbo,FactQHourlycNum1,MCS_performance-PdschBLERperMCS19_Cnt,int,10,0
dbo,FactQHourlycNum1,MCS_performance-PdschBLERperMCS20_Cnt,int,10,0
dbo,FactQHourlycNum1,MCS_performance-PdschBLERperMCS21_Cnt,int,10,0
dbo,FactQHourlycNum1,MCS_performance-PdschBLERperMCS22_Cnt,int,10,0
dbo,FactQHourlycNum1,MCS_performance-PdschBLERperMCS23_Cnt,int,10,0
dbo,FactQHourlycNum1,MCS_performance-PdschBLERperMCS24_Cnt,int,10,0
dbo,FactQHourlycNum1,MCS_performance-PdschBLERperMCS25_Cnt,int,10,0
dbo,FactQHourlycNum1,MCS_performance-PdschBLERperMCS26_Cnt,int,10,0
dbo,FactQHourlycNum1,MCS_performance-PdschBLERperMCS27_Cnt,int,10,0
dbo,FactQHourlycNum1,MCS_performance-PdschBLERperMCS28_Cnt,int,10,0
dbo,FactQHourlycNum1,MCS_performance-PdschBLERperMCS29_Cnt,int,10,0
dbo,FactQHourlycNum1,MCS_performance-PdschBLERperMCS30_Cnt,int,10,0
dbo,FactQHourlycNum1,MCS_performance-PdschBLERperMCS31_Cnt,int,10,0
dbo,FactQHourlycNum1,MCS_performance-PuschBLERperMCS0,decimal,12,4
dbo,FactQHourlycNum1,MCS_performance-PuschBLERperMCS1,decimal,12,4
dbo,FactQHourlycNum1,MCS_performance-PuschBLERperMCS2,decimal,12,4
dbo,FactQHourlycNum1,MCS_performance-PuschBLERperMCS3,decimal,12,4
dbo,FactQHourlycNum1,MCS_performance-PuschBLERperMCS4,decimal,12,4
dbo,FactQHourlycNum1,MCS_performance-PuschBLERperMCS5,decimal,12,4
dbo,FactQHourlycNum1,MCS_performance-PuschBLERperMCS6,decimal,12,4
dbo,FactQHourlycNum1,MCS_performance-PuschBLERperMCS7,decimal,12,4
dbo,FactQHourlycNum1,MCS_performance-PuschBLERperMCS8,decimal,12,4
dbo,FactQHourlycNum1,MCS_performance-PuschBLERperMCS9,decimal,12,4
dbo,FactQHourlycNum1,MCS_performance-PuschBLERperMCS10,decimal,12,4
dbo,FactQHourlycNum1,MCS_performance-PuschBLERperMCS11,decimal,12,4
dbo,FactQHourlycNum1,MCS_performance-PuschBLERperMCS12,decimal,12,4
dbo,FactQHourlycNum1,MCS_performance-PuschBLERperMCS13,decimal,12,4
dbo,FactQHourlycNum1,MCS_performance-PuschBLERperMCS14,decimal,12,4
dbo,FactQHourlycNum1,MCS_performance-PuschBLERperMCS15,decimal,12,4
dbo,FactQHourlycNum1,MCS_performance-PuschBLERperMCS16,decimal,12,4
dbo,FactQHourlycNum1,MCS_performance-PuschBLERperMCS17,decimal,12,4
dbo,FactQHourlycNum1,MCS_performance-PuschBLERperMCS18,decimal,12,4
dbo,FactQHourlycNum1,MCS_performance-PuschBLERperMCS19,decimal,12,4
dbo,FactQHourlycNum1,MCS_performance-PuschBLERperMCS20,decimal,12,4
dbo,FactQHourlycNum1,MCS_performance-PuschBLERperMCS21,decimal,12,4
dbo,FactQHourlycNum1,MCS_performance-PuschBLERperMCS22,decimal,12,4
dbo,FactQHourlycNum1,MCS_performance-PuschBLERperMCS23,decimal,12,4
dbo,FactQHourlycNum1,MCS_performance-PuschBLERperMCS24,decimal,12,4
dbo,FactQHourlycNum1,MCS_performance-PuschBLERperMCS25,decimal,12,4
dbo,FactQHourlycNum1,MCS_performance-PuschBLERperMCS26,decimal,12,4
dbo,FactQHourlycNum1,MCS_performance-PuschBLERperMCS27,decimal,12,4
dbo,FactQHourlycNum1,MCS_performance-PuschBLERperMCS28,decimal,12,4
dbo,FactQHourlycNum1,MCS_performance-PuschBLERperMCS29,decimal,12,4
dbo,FactQHourlycNum1,MCS_performance-PuschBLERperMCS30,decimal,12,4
dbo,FactQHourlycNum1,MCS_performance-PuschBLERperMCS31,decimal,12,4
dbo,FactQHourlycNum1,MCS_performance-PuschBLERperMCS0_Tot,decimal,12,4
dbo,FactQHourlycNum1,MCS_performance-PuschBLERperMCS1_Tot,decimal,12,4
dbo,FactQHourlycNum1,MCS_performance-PuschBLERperMCS2_Tot,decimal,12,4
dbo,FactQHourlycNum1,MCS_performance-PuschBLERperMCS3_Tot,decimal,12,4
dbo,FactQHourlycNum1,MCS_performance-PuschBLERperMCS4_Tot,decimal,12,4
dbo,FactQHourlycNum1,MCS_performance-PuschBLERperMCS5_Tot,decimal,12,4
dbo,FactQHourlycNum1,MCS_performance-PuschBLERperMCS6_Tot,decimal,12,4
dbo,FactQHourlycNum1,MCS_performance-PuschBLERperMCS7_Tot,decimal,12,4
dbo,FactQHourlycNum1,MCS_performance-PuschBLERperMCS8_Tot,decimal,12,4
dbo,FactQHourlycNum1,MCS_performance-PuschBLERperMCS9_Tot,decimal,12,4
dbo,FactQHourlycNum1,MCS_performance-PuschBLERperMCS10_Tot,decimal,12,4
dbo,FactQHourlycNum1,MCS_performance-PuschBLERperMCS11_Tot,decimal,12,4
dbo,FactQHourlycNum1,MCS_performance-PuschBLERperMCS12_Tot,decimal,12,4
dbo,FactQHourlycNum1,MCS_performance-PuschBLERperMCS13_Tot,decimal,12,4
dbo,FactQHourlycNum1,MCS_performance-PuschBLERperMCS14_Tot,decimal,12,4
dbo,FactQHourlycNum1,MCS_performance-PuschBLERperMCS15_Tot,decimal,12,4
dbo,FactQHourlycNum1,MCS_performance-PuschBLERperMCS16_Tot,decimal,12,4
dbo,FactQHourlycNum1,MCS_performance-PuschBLERperMCS17_Tot,decimal,12,4
dbo,FactQHourlycNum1,MCS_performance-PuschBLERperMCS18_Tot,decimal,12,4
dbo,FactQHourlycNum1,MCS_performance-PuschBLERperMCS19_Tot,decimal,12,4
dbo,FactQHourlycNum1,MCS_performance-PuschBLERperMCS20_Tot,decimal,12,4
dbo,FactQHourlycNum1,MCS_performance-PuschBLERperMCS21_Tot,decimal,12,4
dbo,FactQHourlycNum1,MCS_performance-PuschBLERperMCS22_Tot,decimal,12,4
dbo,FactQHourlycNum1,MCS_performance-PuschBLERperMCS23_Tot,decimal,12,4
dbo,FactQHourlycNum1,MCS_performance-PuschBLERperMCS24_Tot,decimal,12,4
dbo,FactQHourlycNum1,MCS_performance-PuschBLERperMCS25_Tot,decimal,12,4
dbo,FactQHourlycNum1,MCS_performance-PuschBLERperMCS26_Tot,decimal,12,4
dbo,FactQHourlycNum1,MCS_performance-PuschBLERperMCS27_Tot,decimal,12,4
dbo,FactQHourlycNum1,MCS_performance-PuschBLERperMCS28_Tot,decimal,12,4
dbo,FactQHourlycNum1,MCS_performance-PuschBLERperMCS29_Tot,decimal,12,4
dbo,FactQHourlycNum1,MCS_performance-PuschBLERperMCS30_Tot,decimal,12,4
dbo,FactQHourlycNum1,MCS_performance-PuschBLERperMCS31_Tot,decimal,12,4
dbo,FactQHourlycNum1,MCS_performance-PuschBLERperMCS0_Cnt,int,10,0
dbo,FactQHourlycNum1,MCS_performance-PuschBLERperMCS1_Cnt,int,10,0
dbo,FactQHourlycNum1,MCS_performance-PuschBLERperMCS2_Cnt,int,10,0
dbo,FactQHourlycNum1,MCS_performance-PuschBLERperMCS3_Cnt,int,10,0
dbo,FactQHourlycNum1,MCS_performance-PuschBLERperMCS4_Cnt,int,10,0
dbo,FactQHourlycNum1,MCS_performance-PuschBLERperMCS5_Cnt,int,10,0
dbo,FactQHourlycNum1,MCS_performance-PuschBLERperMCS6_Cnt,int,10,0
dbo,FactQHourlycNum1,MCS_performance-PuschBLERperMCS7_Cnt,int,10,0
dbo,FactQHourlycNum1,MCS_performance-PuschBLERperMCS8_Cnt,int,10,0
dbo,FactQHourlycNum1,MCS_performance-PuschBLERperMCS9_Cnt,int,10,0
dbo,FactQHourlycNum1,MCS_performance-PuschBLERperMCS10_Cnt,int,10,0
dbo,FactQHourlycNum1,MCS_performance-PuschBLERperMCS11_Cnt,int,10,0
dbo,FactQHourlycNum1,MCS_performance-PuschBLERperMCS12_Cnt,int,10,0
dbo,FactQHourlycNum1,MCS_performance-PuschBLERperMCS13_Cnt,int,10,0
dbo,FactQHourlycNum1,MCS_performance-PuschBLERperMCS14_Cnt,int,10,0
dbo,FactQHourlycNum1,MCS_performance-PuschBLERperMCS15_Cnt,int,10,0
dbo,FactQHourlycNum1,MCS_performance-PuschBLERperMCS16_Cnt,int,10,0
dbo,FactQHourlycNum1,MCS_performance-PuschBLERperMCS17_Cnt,int,10,0
dbo,FactQHourlycNum1,MCS_performance-PuschBLERperMCS18_Cnt,int,10,0
dbo,FactQHourlycNum1,MCS_performance-PuschBLERperMCS19_Cnt,int,10,0
dbo,FactQHourlycNum1,MCS_performance-PuschBLERperMCS20_Cnt,int,10,0
dbo,FactQHourlycNum1,MCS_performance-PuschBLERperMCS21_Cnt,int,10,0
dbo,FactQHourlycNum1,MCS_performance-PuschBLERperMCS22_Cnt,int,10,0
dbo,FactQHourlycNum1,MCS_performance-PuschBLERperMCS23_Cnt,int,10,0
dbo,FactQHourlycNum1,MCS_performance-PuschBLERperMCS24_Cnt,int,10,0
dbo,FactQHourlycNum1,MCS_performance-PuschBLERperMCS25_Cnt,int,10,0
dbo,FactQHourlycNum1,MCS_performance-PuschBLERperMCS26_Cnt,int,10,0
dbo,FactQHourlycNum1,MCS_performance-PuschBLERperMCS27_Cnt,int,10,0
dbo,FactQHourlycNum1,MCS_performance-PuschBLERperMCS28_Cnt,int,10,0
dbo,FactQHourlycNum1,MCS_performance-PuschBLERperMCS29_Cnt,int,10,0
dbo,FactQHourlycNum1,MCS_performance-PuschBLERperMCS30_Cnt,int,10,0
dbo,FactQHourlycNum1,MCS_performance-PuschBLERperMCS31_Cnt,int,10,0
dbo,FactQHourlycNum1,MCS_performance-UlReceivedMCS0,int,10,0
dbo,FactQHourlycNum1,MCS_performance-UlReceivedMCS1,int,10,0
dbo,FactQHourlycNum1,MCS_performance-UlReceivedMCS2,int,10,0
dbo,FactQHourlycNum1,MCS_performance-UlReceivedMCS3,int,10,0
dbo,FactQHourlycNum1,MCS_performance-UlReceivedMCS4,int,10,0
dbo,FactQHourlycNum1,MCS_performance-UlReceivedMCS5,int,10,0
dbo,FactQHourlycNum1,MCS_performance-UlReceivedMCS6,int,10,0
dbo,FactQHourlycNum1,MCS_performance-UlReceivedMCS7,int,10,0
dbo,FactQHourlycNum1,MCS_performance-UlReceivedMCS8,int,10,0
dbo,FactQHourlycNum1,MCS_performance-UlReceivedMCS9,int,10,0
dbo,FactQHourlycNum1,MCS_performance-UlReceivedMCS10,int,10,0
dbo,FactQHourlycNum1,MCS_performance-UlReceivedMCS11,int,10,0
dbo,FactQHourlycNum1,MCS_performance-UlReceivedMCS12,int,10,0
dbo,FactQHourlycNum1,MCS_performance-UlReceivedMCS13,int,10,0
dbo,FactQHourlycNum1,MCS_performance-UlReceivedMCS14,int,10,0
dbo,FactQHourlycNum1,MCS_performance-UlReceivedMCS15,int,10,0
dbo,FactQHourlycNum1,MCS_performance-UlReceivedMCS16,int,10,0
dbo,FactQHourlycNum1,MCS_performance-UlReceivedMCS17,int,10,0
dbo,FactQHourlycNum1,MCS_performance-UlReceivedMCS18,int,10,0
dbo,FactQHourlycNum1,MCS_performance-UlReceivedMCS19,int,10,0
dbo,FactQHourlycNum1,MCS_performance-UlReceivedMCS20,int,10,0
dbo,FactQHourlycNum1,MCS_performance-UlReceivedMCS21,int,10,0
dbo,FactQHourlycNum1,MCS_performance-UlReceivedMCS22,int,10,0
dbo,FactQHourlycNum1,MCS_performance-UlReceivedMCS23,int,10,0
dbo,FactQHourlycNum1,MCS_performance-UlReceivedMCS24,int,10,0
dbo,FactQHourlycNum1,MCS_performance-UlReceivedMCS25,int,10,0
dbo,FactQHourlycNum1,MCS_performance-UlReceivedMCS26,int,10,0
dbo,FactQHourlycNum1,MCS_performance-UlReceivedMCS27,int,10,0
dbo,FactQHourlycNum1,MCS_performance-UlReceivedMCS28,int,10,0
dbo,FactQHourlycNum1,MCS_performance-UlReceivedMCS29,int,10,0
dbo,FactQHourlycNum1,MCS_performance-UlReceivedMCS30,int,10,0
dbo,FactQHourlycNum1,MCS_performance-UlReceivedMCS31,int,10,0
dbo,FactQHourlycNum1,MCS_performance-DlSchedulerMCS0,int,10,0
dbo,FactQHourlycNum1,MCS_performance-DlSchedulerMCS1,int,10,0
dbo,FactQHourlycNum1,MCS_performance-DlSchedulerMCS2,int,10,0
dbo,FactQHourlycNum1,MCS_performance-DlSchedulerMCS3,int,10,0
dbo,FactQHourlycNum1,MCS_performance-DlSchedulerMCS4,int,10,0
dbo,FactQHourlycNum1,MCS_performance-DlSchedulerMCS5,int,10,0
dbo,FactQHourlycNum1,MCS_performance-DlSchedulerMCS6,int,10,0
dbo,FactQHourlycNum1,MCS_performance-DlSchedulerMCS7,int,10,0
dbo,FactQHourlycNum1,MCS_performance-DlSchedulerMCS8,int,10,0
dbo,FactQHourlycNum1,MCS_performance-DlSchedulerMCS9,int,10,0
dbo,FactQHourlycNum1,MCS_performance-DlSchedulerMCS10,int,10,0
dbo,FactQHourlycNum1,MCS_performance-DlSchedulerMCS11,int,10,0
dbo,FactQHourlycNum1,MCS_performance-DlSchedulerMCS12,int,10,0
dbo,FactQHourlycNum1,MCS_performance-DlSchedulerMCS13,int,10,0
dbo,FactQHourlycNum1,MCS_performance-DlSchedulerMCS14,int,10,0
dbo,FactQHourlycNum1,MCS_performance-DlSchedulerMCS15,int,10,0
dbo,FactQHourlycNum1,MCS_performance-DlSchedulerMCS16,int,10,0
dbo,FactQHourlycNum1,MCS_performance-DlSchedulerMCS17,int,10,0
dbo,FactQHourlycNum1,MCS_performance-DlSchedulerMCS18,int,10,0
dbo,FactQHourlycNum1,MCS_performance-DlSchedulerMCS19,int,10,0
dbo,FactQHourlycNum1,MCS_performance-DlSchedulerMCS20,int,10,0
dbo,FactQHourlycNum1,MCS_performance-DlSchedulerMCS21,int,10,0
dbo,FactQHourlycNum1,MCS_performance-DlSchedulerMCS22,int,10,0
dbo,FactQHourlycNum1,MCS_performance-DlSchedulerMCS23,int,10,0
dbo,FactQHourlycNum1,MCS_performance-DlSchedulerMCS24,int,10,0
dbo,FactQHourlycNum1,MCS_performance-DlSchedulerMCS25,int,10,0
dbo,FactQHourlycNum1,MCS_performance-DlSchedulerMCS26,int,10,0
dbo,FactQHourlycNum1,MCS_performance-DlSchedulerMCS27,int,10,0
dbo,FactQHourlycNum1,MCS_performance-DlSchedulerMCS28,int,10,0
dbo,FactQHourlycNum1,MCS_performance-DlSchedulerMCS29,int,10,0
dbo,FactQHourlycNum1,MCS_performance-DlSchedulerMCS30,int,10,0
dbo,FactQHourlycNum1,MCS_performance-DlSchedulerMCS31,int,10,0
dbo,FactQHourlycNum1,MCS_performance-UlSchedulerMCS0,int,10,0
dbo,FactQHourlycNum1,MCS_performance-UlSchedulerMCS1,int,10,0
dbo,FactQHourlycNum1,MCS_performance-UlSchedulerMCS2,int,10,0
dbo,FactQHourlycNum1,MCS_performance-UlSchedulerMCS3,int,10,0
dbo,FactQHourlycNum1,MCS_performance-UlSchedulerMCS4,int,10,0
dbo,FactQHourlycNum1,MCS_performance-UlSchedulerMCS5,int,10,0
dbo,FactQHourlycNum1,MCS_performance-UlSchedulerMCS6,int,10,0
dbo,FactQHourlycNum1,MCS_performance-UlSchedulerMCS7,int,10,0
dbo,FactQHourlycNum1,MCS_performance-UlSchedulerMCS8,int,10,0
dbo,FactQHourlycNum1,MCS_performance-UlSchedulerMCS9,int,10,0
dbo,FactQHourlycNum1,MCS_performance-UlSchedulerMCS10,int,10,0
dbo,FactQHourlycNum1,MCS_performance-UlSchedulerMCS11,int,10,0
dbo,FactQHourlycNum1,MCS_performance-UlSchedulerMCS12,int,10,0
dbo,FactQHourlycNum1,MCS_performance-UlSchedulerMCS13,int,10,0
dbo,FactQHourlycNum1,MCS_performance-UlSchedulerMCS14,int,10,0
dbo,FactQHourlycNum1,MCS_performance-UlSchedulerMCS15,int,10,0
dbo,FactQHourlycNum1,MCS_performance-UlSchedulerMCS16,int,10,0
dbo,FactQHourlycNum1,MCS_performance-UlSchedulerMCS17,int,10,0
dbo,FactQHourlycNum1,MCS_performance-UlSchedulerMCS18,int,10,0
dbo,FactQHourlycNum1,MCS_performance-UlSchedulerMCS19,int,10,0
dbo,FactQHourlycNum1,MCS_performance-UlSchedulerMCS20,int,10,0
dbo,FactQHourlycNum1,MCS_performance-UlSchedulerMCS21,int,10,0
dbo,FactQHourlycNum1,MCS_performance-UlSchedulerMCS22,int,10,0
dbo,FactQHourlycNum1,MCS_performance-UlSchedulerMCS23,int,10,0
dbo,FactQHourlycNum1,MCS_performance-UlSchedulerMCS24,int,10,0
dbo,FactQHourlycNum1,MCS_performance-UlSchedulerMCS25,int,10,0
dbo,FactQHourlycNum1,MCS_performance-UlSchedulerMCS26,int,10,0
dbo,FactQHourlycNum1,MCS_performance-UlSchedulerMCS27,int,10,0
dbo,FactQHourlycNum1,MCS_performance-UlSchedulerMCS28,int,10,0
dbo,FactQHourlycNum1,MCS_performance-UlSchedulerMCS29,int,10,0
dbo,FactQHourlycNum1,MCS_performance-UlSchedulerMCS30,int,10,0
dbo,FactQHourlycNum1,MCS_performance-UlSchedulerMCS31,int,10,0
dbo,FactQHourlycNum1,Cell_Throughput-CellThruDlTot,decimal,17,4
dbo,FactQHourlycNum1,Cell_Throughput-PeakCellThruDl,decimal,17,4
dbo,FactQHourlycNum1,Cell_Throughput-PeakCellThruUl,decimal,17,4
dbo,FactQHourlycNum1,Cell_Throughput-CellThruUlTot,decimal,17,4
dbo,FactQHourlycNum1,Dimdatekey_UTC,int,10,0
dbo,FactQHourlycNum1,DimQHourkey_UTC,int,10,0
dbo,FactQHourlycNum1,MCS_performance-PdschBLERperMCS10_Cnt,bigint,19,0
