﻿dbo,FactQHourlycNumEstabCauseQCI,FactQHourlycNumEstabCauseQCIKey,bigint,19,0
dbo,FactQHourlycNumEstabCauseQCI,DimDateKey,int,10,0
dbo,FactQHourlycNumEstabCauseQCI,DimQHourKey,int,10,0
dbo,FactQHourlycNumEstabCauseQCI,DimCNumKey,int,10,0
dbo,FactQHourlycNumEstabCauseQCI,DimEstabCauseQciKey,int,10,0
dbo,FactQHourlycNumEstabCauseQCI,ETLJobKey,bigint,19,0
dbo,FactQHourlycNumEstabCauseQCI,insertDate,datetime,NULL,NULL
dbo,FactQHourlycNumEstabCauseQCI,E_RAB_Setup-EstabInitAttNbr,int,10,0
dbo,FactQHourlycNumEstabCauseQCI,E_RAB_Setup-EstabInitSuccNbr,int,10,0
dbo,FactQHourlycNumEstabCauseQCI,E_RAB_Setup-ErabInitFailNbr_CP_CC_TO,int,10,0
dbo,FactQHourlycNumEstabCauseQCI,E_RAB_Setup-ErabInitFailNbr_CP_CC_FAIL,int,10,0
dbo,FactQHourlycNumEstabCauseQCI,E_RAB_Setup-ErabInitFailNbr_UP_GTP_FAIL,int,10,0
dbo,FactQHourlycNumEstabCauseQCI,E_RAB_Setup-ErabInitFailNbr_UP_MAC_FAIL,int,10,0
dbo,FactQHourlycNumEstabCauseQCI,E_RAB_Setup-ErabInitFailNbr_UP_PDCP_FAIL,int,10,0
dbo,FactQHourlycNumEstabCauseQCI,E_RAB_Setup-ErabInitFailNbr_UP_RLC_FAIL,int,10,0
dbo,FactQHourlycNumEstabCauseQCI,E_RAB_Setup-ErabInitFailNbr_RRC_SIG_FAIL,int,10,0
dbo,FactQHourlycNumEstabCauseQCI,E_RAB_Setup-ErabInitFailNbr_RRC_SIG_TO,int,10,0
dbo,FactQHourlycNumEstabCauseQCI,E_RAB_Setup-ErabInitFailNbr_CP_BH_CAC_FAIL,int,10,0
dbo,FactQHourlycNumEstabCauseQCI,E_RAB_Setup-ErabInitFailNbr_CP_CAPA_CAC_FAIL,int,10,0
dbo,FactQHourlycNumEstabCauseQCI,E_RAB_Setup-ErabInitFailNbr_CP_QOS_CAC_FAIL,int,10,0
dbo,FactQHourlycNumEstabCauseQCI,E_RAB_Setup-ErabInitFailNbr_S1AP_CU_FAIL,int,10,0
dbo,FactQHourlycNumEstabCauseQCI,E_RAB_Setup-ErabInitFailNbr_S1AP_LINK_FAIL,int,10,0
dbo,FactQHourlycNumEstabCauseQCI,E_RAB_Setup-ErabInitFailNbr_S1AP_SIG_FAIL,int,10,0
dbo,FactQHourlycNumEstabCauseQCI,Initial E-RAB Setup Failure Rate_Num,decimal,7,2
dbo,FactQHourlycNumEstabCauseQCI,Initial E-RAB Setup Failure Rate_Den,decimal,7,2
dbo,FactQHourlycNumEstabCauseQCI,Initial E-RAB Setup Requests,int,10,0
dbo,FactQHourlycNumEstabCauseQCI,Initial E-RAB Setup Successes,int,10,0
dbo,FactQHourlycNumEstabCauseQCI,Initial E-RAB Setup Failures,int,10,0
dbo,FactQHourlycNumEstabCauseQCI,Dimdatekey_UTC,int,10,0
dbo,FactQHourlycNumEstabCauseQCI,DimQHourkey_UTC,int,10,0
