﻿dbo,FactQHourlycNumtcIDHOCause,FactQHourlycNumtcIDHOCauseKey,bigint,19,0
dbo,FactQHourlycNumtcIDHOCause,DimDateKey,int,10,0
dbo,FactQHourlycNumtcIDHOCause,DimQHourKey,int,10,0
dbo,FactQHourlycNumtcIDHOCause,DimcNumKey,int,10,0
dbo,FactQHourlycNumtcIDHOCause,DimTcIDHOCauseKey,int,10,0
dbo,FactQHourlycNumtcIDHOCause,ETLJobKey,bigint,19,0
dbo,FactQHourlycNumtcIDHOCause,insertDate,datetime,NULL,NULL
dbo,FactQHourlycNumtcIDHOCause,Intra_eNB_Handover-IntraEnbAtt,int,10,0
dbo,FactQHourlycNumtcIDHOCause,Intra_eNB_Handover-IntraEnbPrepSucc,int,10,0
dbo,FactQHourlycNumtcIDHOCause,Intra_eNB_Handover-IntraEnbSucc,int,10,0
dbo,FactQHourlycNumtcIDHOCause,Intra_eNB_Handover-IntraEnbPrepFail_CP_CC_TO,int,10,0
dbo,FactQHourlycNumtcIDHOCause,Intra_eNB_Handover-IntraEnbPrepFail_CP_CC_FAIL,int,10,0
dbo,FactQHourlycNumtcIDHOCause,Intra_eNB_Handover-IntraEnbPrepFail_UP_MAC_FAIL,int,10,0
dbo,FactQHourlycNumtcIDHOCause,Intra_eNB_Handover-IntraEnbPrepFail_UP_RLC_FAIL,int,10,0
dbo,FactQHourlycNumtcIDHOCause,Intra_eNB_Handover-IntraEnbPrepFail_RRC_SIG_FAIL,int,10,0
dbo,FactQHourlycNumtcIDHOCause,Intra_eNB_Handover-IntraEnbPrepFail_CP_BH_CAC_FAIL,int,10,0
dbo,FactQHourlycNumtcIDHOCause,Intra_eNB_Handover-IntraEnbPrepFail_CP_CAPA_CAC_FAIL,int,10,0
dbo,FactQHourlycNumtcIDHOCause,Intra_eNB_Handover-IntraEnbPrepFail_CP_QOS_CAC_FAIL,int,10,0
dbo,FactQHourlycNumtcIDHOCause,Intra_eNB_Handover-IntraEnbPrepFail_S1AP_CU_FAIL,int,10,0
dbo,FactQHourlycNumtcIDHOCause,Intra_eNB_Handover-IntraEnbPrepFail_S1AP_LINK_FAIL,int,10,0
dbo,FactQHourlycNumtcIDHOCause,Intra_eNB_Handover-IntraEnbPrepFail_S1AP_SIG_FAIL,int,10,0
dbo,FactQHourlycNumtcIDHOCause,Intra_eNB_Handover-IntraEnbFail_CP_CC_TO,int,10,0
dbo,FactQHourlycNumtcIDHOCause,Intra_eNB_Handover-IntraEnbFail_CP_CC_FAIL,int,10,0
dbo,FactQHourlycNumtcIDHOCause,Intra_eNB_Handover-IntraEnbFail_UP_GTP_FAIL,int,10,0
dbo,FactQHourlycNumtcIDHOCause,Intra_eNB_Handover-IntraEnbFail_UP_MAC_FAIL,int,10,0
dbo,FactQHourlycNumtcIDHOCause,Intra_eNB_Handover-IntraEnbFail_UP_RLC_FAIL,int,10,0
dbo,FactQHourlycNumtcIDHOCause,Intra_eNB_Handover-IntraEnbFail_RRC_HC_TO,int,10,0
dbo,FactQHourlycNumtcIDHOCause,Intra_eNB_Handover-IntraEnbFail_RRC_SIG_FAIL,int,10,0
dbo,FactQHourlycNumtcIDHOCause,Intra_eNB_Handover-IntraEnbFail_S1AP_CU_FAIL,int,10,0
dbo,FactQHourlycNumtcIDHOCause,Intra_eNB_Handover-IntraEnbFail_S1AP_LINK_FAIL,int,10,0
dbo,FactQHourlycNumtcIDHOCause,Intra_eNB_Handover-IntraEnbFail_S1AP_SIG_FAIL,int,10,0
dbo,FactQHourlycNumtcIDHOCause,Intra_eNB_Handover-IntraEnbCnt,int,10,0
dbo,FactQHourlycNumtcIDHOCause,Intra_eNB_Handover-IntraEnbNbrCid,int,10,0
dbo,FactQHourlycNumtcIDHOCause,S1_Handover_Out-InterS1OutAtt,int,10,0
dbo,FactQHourlycNumtcIDHOCause,S1_Handover_Out-InterS1OutPrepSucc,int,10,0
dbo,FactQHourlycNumtcIDHOCause,S1_Handover_Out-InterS1OutSucc,int,10,0
dbo,FactQHourlycNumtcIDHOCause,S1_Handover_Out-InterS1OutPrepFail_CP_CC_FAIL,int,10,0
dbo,FactQHourlycNumtcIDHOCause,S1_Handover_Out-InterS1OutPrepFail_S1AP_CU_FAIL,int,10,0
dbo,FactQHourlycNumtcIDHOCause,S1_Handover_Out-InterS1OutPrepFail_S1AP_LINK_FAIL,int,10,0
dbo,FactQHourlycNumtcIDHOCause,S1_Handover_Out-InterS1OutPrepFail_S1AP_RP_TO,int,10,0
dbo,FactQHourlycNumtcIDHOCause,S1_Handover_Out-InterS1OutPrepFail_S1AP_SIG_FAIL,int,10,0
dbo,FactQHourlycNumtcIDHOCause,S1_Handover_Out-InterS1OutFail_CP_CC_TO,int,10,0
dbo,FactQHourlycNumtcIDHOCause,S1_Handover_Out-InterS1OutFail_CP_CC_FAIL,int,10,0
dbo,FactQHourlycNumtcIDHOCause,S1_Handover_Out-InterS1OutFail_UP_GTP_FAIL,int,10,0
dbo,FactQHourlycNumtcIDHOCause,S1_Handover_Out-InterS1OutFail_UP_MAC_FAIL,int,10,0
dbo,FactQHourlycNumtcIDHOCause,S1_Handover_Out-InterS1OutFail_UP_PDCP_FAIL,int,10,0
dbo,FactQHourlycNumtcIDHOCause,S1_Handover_Out-InterS1OutFail_UP_RLC_FAIL,int,10,0
dbo,FactQHourlycNumtcIDHOCause,S1_Handover_Out-InterS1OutFail_RRC_SIG_FAIL,int,10,0
dbo,FactQHourlycNumtcIDHOCause,S1_Handover_Out-InterS1OutFail_S1AP_CU_FAIL,int,10,0
dbo,FactQHourlycNumtcIDHOCause,S1_Handover_Out-InterS1OutFail_S1AP_LINK_FAIL,int,10,0
dbo,FactQHourlycNumtcIDHOCause,S1_Handover_Out-InterS1OutFail_S1AP_RO_TO,int,10,0
dbo,FactQHourlycNumtcIDHOCause,S1_Handover_Out-InterS1OutFail_S1AP_SIG_FAIL,int,10,0
dbo,FactQHourlycNumtcIDHOCause,S1_Handover_Out-InterS1OutCnt,int,10,0
dbo,FactQHourlycNumtcIDHOCause,S1_Handover_Out-InterS1OutCid,int,10,0
dbo,FactQHourlycNumtcIDHOCause,X2_Handover_Out-InterX2OutAtt,int,10,0
dbo,FactQHourlycNumtcIDHOCause,X2_Handover_Out-InterX2OutPrepSucc,int,10,0
dbo,FactQHourlycNumtcIDHOCause,X2_Handover_Out-InterX2OutSucc,int,10,0
dbo,FactQHourlycNumtcIDHOCause,X2_Handover_Out-InterX2OutPrepFail_CP_CC_FAIL,int,10,0
dbo,FactQHourlycNumtcIDHOCause,X2_Handover_Out-InterX2OutPrepFail_S1AP_LINK_FAIL,int,10,0
dbo,FactQHourlycNumtcIDHOCause,X2_Handover_Out-InterX2OutPrepFail_S1AP_SIG_FAIL,int,10,0
dbo,FactQHourlycNumtcIDHOCause,X2_Handover_Out-InterX2OutPrepFail_X2AP_CU_FAIL,int,10,0
dbo,FactQHourlycNumtcIDHOCause,X2_Handover_Out-InterX2OutPrepFail_X2AP_LINK_FAIL,int,10,0
dbo,FactQHourlycNumtcIDHOCause,X2_Handover_Out-InterX2OutPrepFail_X2AP_RP_TO,int,10,0
dbo,FactQHourlycNumtcIDHOCause,X2_Handover_Out-InterX2OutPrepFail_X2AP_SIG_FAIL,int,10,0
dbo,FactQHourlycNumtcIDHOCause,X2_Handover_Out-InterX2OutFail_CP_CC_TO,int,10,0
dbo,FactQHourlycNumtcIDHOCause,X2_Handover_Out-InterX2OutFail_CP_CC_FAIL,int,10,0
dbo,FactQHourlycNumtcIDHOCause,X2_Handover_Out-InterX2OutFail_UP_GTP_FAIL,int,10,0
dbo,FactQHourlycNumtcIDHOCause,X2_Handover_Out-InterX2OutFail_UP_MAC_FAIL,int,10,0
dbo,FactQHourlycNumtcIDHOCause,X2_Handover_Out-InterX2OutFail_UP_PDCP_FAIL,int,10,0
dbo,FactQHourlycNumtcIDHOCause,X2_Handover_Out-InterX2OutFail_UP_RLC_FAIL,int,10,0
dbo,FactQHourlycNumtcIDHOCause,X2_Handover_Out-InterX2OutFail_RRC_SIG_FAIL,int,10,0
dbo,FactQHourlycNumtcIDHOCause,X2_Handover_Out-InterX2OutFail_S1AP_CU_FAIL,int,10,0
dbo,FactQHourlycNumtcIDHOCause,X2_Handover_Out-InterX2OutFail_S1AP_LINK_FAIL,int,10,0
dbo,FactQHourlycNumtcIDHOCause,X2_Handover_Out-InterX2OutFail_S1AP_SIG_FAIL,int,10,0
dbo,FactQHourlycNumtcIDHOCause,X2_Handover_Out-InterX2OutFail_X2AP_CU_FAIL,int,10,0
dbo,FactQHourlycNumtcIDHOCause,X2_Handover_Out-InterX2OutFail_X2AP_LINK_FAIL,int,10,0
dbo,FactQHourlycNumtcIDHOCause,X2_Handover_Out-InterX2OutFail_X2AP_RO_TO,int,10,0
dbo,FactQHourlycNumtcIDHOCause,X2_Handover_Out-InterX2OutFail_X2AP_SIG_FAIL,int,10,0
dbo,FactQHourlycNumtcIDHOCause,X2_Handover_Out-InterX2OutCnt,int,10,0
dbo,FactQHourlycNumtcIDHOCause,X2_Handover_Out-InterX2OutCid,int,10,0
dbo,FactQHourlycNumtcIDHOCause,Dimdatekey_UTC,int,10,0
dbo,FactQHourlycNumtcIDHOCause,DimQHourkey_UTC,int,10,0
