﻿dbo,FactQHourlycNumTargetEarfcnDl,FactQHourlycNumTargetEarfcnDlkey,bigint,19,0
dbo,FactQHourlycNumTargetEarfcnDl,DimDateKey,int,10,0
dbo,FactQHourlycNumTargetEarfcnDl,DimQHourKey,int,10,0
dbo,FactQHourlycNumTargetEarfcnDl,DimcNumKey,int,10,0
dbo,FactQHourlycNumTargetEarfcnDl,DimTargetEarfcnDlKey,int,10,0
dbo,FactQHourlycNumTargetEarfcnDl,ETLJobKey,bigint,19,0
dbo,FactQHourlycNumTargetEarfcnDl,insertDate,datetime,NULL,NULL
dbo,FactQHourlycNumTargetEarfcnDl,Outgoing_Inter_frequency_Handover_with_Measurment_Gap-InterFreqMeasGapOutAtt,int,10,0
dbo,FactQHourlycNumTargetEarfcnDl,Outgoing_Inter_frequency_Handover_with_Measurment_Gap-InterFreqMeasGapOutPrepSucc,int,10,0
dbo,FactQHourlycNumTargetEarfcnDl,Outgoing_Inter_frequency_Handover_with_Measurment_Gap-InterFreqMeasGapOutSucc,int,10,0
dbo,FactQHourlycNumTargetEarfcnDl,Outgoing_Inter_frequency_Handover_with_Measurment_Gap-InterFreqMeasGapOutPrepFail_CP_CC_FAIL,int,10,0
dbo,FactQHourlycNumTargetEarfcnDl,Outgoing_Inter_frequency_Handover_with_Measurment_Gap-InterFreqMeasGapOutPrepFail_S1AP_CU_FAIL,int,10,0
dbo,FactQHourlycNumTargetEarfcnDl,Outgoing_Inter_frequency_Handover_with_Measurment_Gap-InterFreqMeasGapOutPrepFail_S1AP_LINK_FAIL,int,10,0
dbo,FactQHourlycNumTargetEarfcnDl,Outgoing_Inter_frequency_Handover_with_Measurment_Gap-InterFreqMeasGapOutPrepFail_S1AP_RP_TO,int,10,0
dbo,FactQHourlycNumTargetEarfcnDl,Outgoing_Inter_frequency_Handover_with_Measurment_Gap-InterFreqMeasGapOutPrepFail_S1AP_SIG_FAIL,int,10,0
dbo,FactQHourlycNumTargetEarfcnDl,Outgoing_Inter_frequency_Handover_with_Measurment_Gap-InterFreqMeasGapOutPrepFail_X2AP_CU_FAIL,int,10,0
dbo,FactQHourlycNumTargetEarfcnDl,Outgoing_Inter_frequency_Handover_with_Measurment_Gap-InterFreqMeasGapOutPrepFail_X2AP_LINK_FAIL,int,10,0
dbo,FactQHourlycNumTargetEarfcnDl,Outgoing_Inter_frequency_Handover_with_Measurment_Gap-InterFreqMeasGapOutPrepFail_X2AP_RP_TO,int,10,0
dbo,FactQHourlycNumTargetEarfcnDl,Outgoing_Inter_frequency_Handover_with_Measurment_Gap-InterFreqMeasGapOutPrepFail_X2AP_SIG_FAIL,int,10,0
dbo,FactQHourlycNumTargetEarfcnDl,Outgoing_Inter_frequency_Handover_with_Measurment_Gap-InterFreqMeasGapOutFail_CP_CC_TO,int,10,0
dbo,FactQHourlycNumTargetEarfcnDl,Outgoing_Inter_frequency_Handover_with_Measurment_Gap-InterFreqMeasGapOutFail_CP_CC_FAIL,int,10,0
dbo,FactQHourlycNumTargetEarfcnDl,Outgoing_Inter_frequency_Handover_with_Measurment_Gap-InterFreqMeasGapOutFail_UP_GTP_FAIL,int,10,0
dbo,FactQHourlycNumTargetEarfcnDl,Outgoing_Inter_frequency_Handover_with_Measurment_Gap-InterFreqMeasGapOutFail_UP_MAC_FAIL,int,10,0
dbo,FactQHourlycNumTargetEarfcnDl,Outgoing_Inter_frequency_Handover_with_Measurment_Gap-InterFreqMeasGapOutFail_UP_PDCP_FAIL,int,10,0
dbo,FactQHourlycNumTargetEarfcnDl,Outgoing_Inter_frequency_Handover_with_Measurment_Gap-InterFreqMeasGapOutFail_UP_RLC_FAIL,int,10,0
dbo,FactQHourlycNumTargetEarfcnDl,Outgoing_Inter_frequency_Handover_with_Measurment_Gap-InterFreqMeasGapOutFail_RRC_SIG_FAIL,int,10,0
dbo,FactQHourlycNumTargetEarfcnDl,Outgoing_Inter_frequency_Handover_with_Measurment_Gap-InterFreqMeasGapOutFail_S1AP_CU_FAIL,int,10,0
dbo,FactQHourlycNumTargetEarfcnDl,Outgoing_Inter_frequency_Handover_with_Measurment_Gap-InterFreqMeasGapOutFail_S1AP_LINK_FAIL,int,10,0
dbo,FactQHourlycNumTargetEarfcnDl,Outgoing_Inter_frequency_Handover_with_Measurment_Gap-InterFreqMeasGapOutFail_S1AP_RO_TO,int,10,0
dbo,FactQHourlycNumTargetEarfcnDl,Outgoing_Inter_frequency_Handover_with_Measurment_Gap-InterFreqMeasGapOutFail_S1AP_SIG_FAIL,int,10,0
dbo,FactQHourlycNumTargetEarfcnDl,Outgoing_Inter_frequency_Handover_with_Measurment_Gap-InterFreqMeasGapOutFail_X2AP_CU_FAIL,int,10,0
dbo,FactQHourlycNumTargetEarfcnDl,Outgoing_Inter_frequency_Handover_with_Measurment_Gap-InterFreqMeasGapOutFail_X2AP_LINK_FAIL,int,10,0
dbo,FactQHourlycNumTargetEarfcnDl,Outgoing_Inter_frequency_Handover_with_Measurment_Gap-InterFreqMeasGapOutFail_X2AP_RO_TO,int,10,0
dbo,FactQHourlycNumTargetEarfcnDl,Outgoing_Inter_frequency_Handover_with_Measurment_Gap-InterFreqMeasGapOutFail_X2AP_SIG_FAIL,int,10,0
dbo,FactQHourlycNumTargetEarfcnDl,Outgoing_Inter_frequency_Handover_with_Measurment_Gap-InterFreqOutWithGapCnt,int,10,0
dbo,FactQHourlycNumTargetEarfcnDl,Outgoing_Inter_frequency_Handover_with_Measurment_Gap-InterFreqOutWithGapTargetEarfcnDl,int,10,0
dbo,FactQHourlycNumTargetEarfcnDl,Outgoing_Inter_frequency_Handover_without_Measurment_Gap-InterFreqNoMeasGapOutAtt,int,10,0
dbo,FactQHourlycNumTargetEarfcnDl,Outgoing_Inter_frequency_Handover_without_Measurment_Gap-InterFreqNoMeasGapOutPrepSucc,int,10,0
dbo,FactQHourlycNumTargetEarfcnDl,Outgoing_Inter_frequency_Handover_without_Measurment_Gap-InterFreqNoMeasGapOutSucc,int,10,0
dbo,FactQHourlycNumTargetEarfcnDl,Outgoing_Inter_frequency_Handover_without_Measurment_Gap-InterFreqNoMeasGapOutPrepFail_CP_CC_FAIL,int,10,0
dbo,FactQHourlycNumTargetEarfcnDl,Outgoing_Inter_frequency_Handover_without_Measurment_Gap-InterFreqNoMeasGapOutPrepFail_S1AP_CU_FAIL,int,10,0
dbo,FactQHourlycNumTargetEarfcnDl,Outgoing_Inter_frequency_Handover_without_Measurment_Gap-InterFreqNoMeasGapOutPrepFail_S1AP_LINK_FAIL,int,10,0
dbo,FactQHourlycNumTargetEarfcnDl,Outgoing_Inter_frequency_Handover_without_Measurment_Gap-InterFreqNoMeasGapOutPrepFail_S1AP_RP_TO,int,10,0
dbo,FactQHourlycNumTargetEarfcnDl,Outgoing_Inter_frequency_Handover_without_Measurment_Gap-InterFreqNoMeasGapOutPrepFail_S1AP_SIG_FAIL,int,10,0
dbo,FactQHourlycNumTargetEarfcnDl,Outgoing_Inter_frequency_Handover_without_Measurment_Gap-InterFreqNoMeasGapOutPrepFail_X2AP_CU_FAIL,int,10,0
dbo,FactQHourlycNumTargetEarfcnDl,Outgoing_Inter_frequency_Handover_without_Measurment_Gap-InterFreqNoMeasGapOutPrepFail_X2AP_LINK_FAIL,int,10,0
dbo,FactQHourlycNumTargetEarfcnDl,Outgoing_Inter_frequency_Handover_without_Measurment_Gap-InterFreqNoMeasGapOutPrepFail_X2AP_RP_TO,int,10,0
dbo,FactQHourlycNumTargetEarfcnDl,Outgoing_Inter_frequency_Handover_without_Measurment_Gap-InterFreqNoMeasGapOutPrepFail_X2AP_SIG_FAIL,int,10,0
dbo,FactQHourlycNumTargetEarfcnDl,Outgoing_Inter_frequency_Handover_without_Measurment_Gap-InterFreqNoMeasGapOutFail_CP_CC_TO,int,10,0
dbo,FactQHourlycNumTargetEarfcnDl,Outgoing_Inter_frequency_Handover_without_Measurment_Gap-InterFreqNoMeasGapOutFail_CP_CC_FAIL,int,10,0
dbo,FactQHourlycNumTargetEarfcnDl,Outgoing_Inter_frequency_Handover_without_Measurment_Gap-InterFreqNoMeasGapOutFail_UP_GTP_FAIL,int,10,0
dbo,FactQHourlycNumTargetEarfcnDl,Outgoing_Inter_frequency_Handover_without_Measurment_Gap-InterFreqNoMeasGapOutFail_UP_MAC_FAIL,int,10,0
dbo,FactQHourlycNumTargetEarfcnDl,Outgoing_Inter_frequency_Handover_without_Measurment_Gap-InterFreqNoMeasGapOutFail_UP_PDCP_FAIL,int,10,0
dbo,FactQHourlycNumTargetEarfcnDl,Outgoing_Inter_frequency_Handover_without_Measurment_Gap-InterFreqNoMeasGapOutFail_UP_RLC_FAIL,int,10,0
dbo,FactQHourlycNumTargetEarfcnDl,Outgoing_Inter_frequency_Handover_without_Measurment_Gap-InterFreqNoMeasGapOutFail_RRC_SIG_FAIL,int,10,0
dbo,FactQHourlycNumTargetEarfcnDl,Outgoing_Inter_frequency_Handover_without_Measurment_Gap-InterFreqNoMeasGapOutFail_S1AP_CU_FAIL,int,10,0
dbo,FactQHourlycNumTargetEarfcnDl,Outgoing_Inter_frequency_Handover_without_Measurment_Gap-InterFreqNoMeasGapOutFail_S1AP_LINK_FAIL,int,10,0
dbo,FactQHourlycNumTargetEarfcnDl,Outgoing_Inter_frequency_Handover_without_Measurment_Gap-InterFreqNoMeasGapOutFail_S1AP_RO_TO,int,10,0
dbo,FactQHourlycNumTargetEarfcnDl,Outgoing_Inter_frequency_Handover_without_Measurment_Gap-InterFreqNoMeasGapOutFail_S1AP_SIG_FAIL,int,10,0
dbo,FactQHourlycNumTargetEarfcnDl,Outgoing_Inter_frequency_Handover_without_Measurment_Gap-InterFreqNoMeasGapOutFail_X2AP_CU_FAIL,int,10,0
dbo,FactQHourlycNumTargetEarfcnDl,Outgoing_Inter_frequency_Handover_without_Measurment_Gap-InterFreqNoMeasGapOutFail_X2AP_LINK_FAIL,int,10,0
dbo,FactQHourlycNumTargetEarfcnDl,Outgoing_Inter_frequency_Handover_without_Measurment_Gap-InterFreqNoMeasGapOutFail_X2AP_RO_TO,int,10,0
dbo,FactQHourlycNumTargetEarfcnDl,Outgoing_Inter_frequency_Handover_without_Measurment_Gap-InterFreqNoMeasGapOutFail_X2AP_SIG_FAIL,int,10,0
dbo,FactQHourlycNumTargetEarfcnDl,Outgoing_Inter_frequency_Handover_without_Measurment_Gap-InterFreqOutWithOutGapCnt,int,10,0
dbo,FactQHourlycNumTargetEarfcnDl,Outgoing_Inter_frequency_Handover_without_Measurment_Gap-InterFreqOutWithOutGapTargetEarfcnDl,int,10,0
dbo,FactQHourlycNumTargetEarfcnDl,Dimdatekey_UTC,int,10,0
dbo,FactQHourlycNumTargetEarfcnDl,DimQHourkey_UTC,int,10,0
dbo,FactQHourlycNumTargetEarfcnDl,Preemption_Handover_Statistics-PreemtIntraEnbAtt,bigint,19,0
dbo,FactQHourlycNumTargetEarfcnDl,Preemption_Handover_Statistics-PreemtIntraEnbPrepSucc,bigint,19,0
dbo,FactQHourlycNumTargetEarfcnDl,Preemption_Handover_Statistics-PreemtIntraEnbSucc,bigint,19,0
dbo,FactQHourlycNumTargetEarfcnDl,Preemption_Handover_Statistics-PreemtInterX2OutAtt,bigint,19,0
dbo,FactQHourlycNumTargetEarfcnDl,Preemption_Handover_Statistics-PreemtInterX2OutPrepSucc,bigint,19,0
dbo,FactQHourlycNumTargetEarfcnDl,Preemption_Handover_Statistics-PreemtInterX2OutSucc,bigint,19,0
dbo,FactQHourlycNumTargetEarfcnDl,Preemption_Handover_Statistics-PreemtInterS1OutAtt,bigint,19,0
dbo,FactQHourlycNumTargetEarfcnDl,Preemption_Handover_Statistics-PreemtInterS1OutPrepSucc,bigint,19,0
dbo,FactQHourlycNumTargetEarfcnDl,Preemption_Handover_Statistics-PreemtInterS1OutSucc,bigint,19,0
dbo,FactQHourlycNumTargetEarfcnDl,Preemption_Handover_Statistics-No_Available_Target_Carrier,bigint,19,0
dbo,FactQHourlycNumTargetEarfcnDl,Preemption_Handover_Statistics-MR_Solicit_Fail,bigint,19,0
dbo,FactQHourlycNumTargetEarfcnDl,Preemption_Handover_Statistics-HO_Prep_Fail,bigint,19,0
dbo,FactQHourlycNumTargetEarfcnDl,Preemption_Handover_Statistics-PreemptHoCnt,bigint,19,0
dbo,FactQHourlycNumTargetEarfcnDl,Preemption_Handover_Statistics-PreemptHoTargetEarfcnDl,bigint,19,0
dbo,FactQHourlycNumTargetEarfcnDl,Idle_Load_Balancing-UeCount,bigint,19,0
dbo,FactQHourlycNumTargetEarfcnDl,Idle_Load_Balancing-IdleLbCnt,bigint,19,0
dbo,FactQHourlycNumTargetEarfcnDl,Idle_Load_Balancing-IdleLbTargetEarfcnDl,bigint,19,0
dbo,FactQHourlycNumTargetEarfcnDl,LoadBalancing_Handover_per_FA-IntraEnbAttLbho,bigint,19,0
dbo,FactQHourlycNumTargetEarfcnDl,LoadBalancing_Handover_per_FA-IntraEnbPrepSuccLbho,bigint,19,0
dbo,FactQHourlycNumTargetEarfcnDl,LoadBalancing_Handover_per_FA-IntraEnbSuccLbho,bigint,19,0
dbo,FactQHourlycNumTargetEarfcnDl,LoadBalancing_Handover_per_FA-InterX2OutAttLbho,bigint,19,0
dbo,FactQHourlycNumTargetEarfcnDl,LoadBalancing_Handover_per_FA-InterX2OutPrepSuccLbho,bigint,19,0
dbo,FactQHourlycNumTargetEarfcnDl,LoadBalancing_Handover_per_FA-InterX2OutSuccLbho,bigint,19,0
dbo,FactQHourlycNumTargetEarfcnDl,LoadBalancing_Handover_per_FA-InterS1OutAttLbho,bigint,19,0
dbo,FactQHourlycNumTargetEarfcnDl,LoadBalancing_Handover_per_FA-InterS1OutPrepSuccLbho,bigint,19,0
dbo,FactQHourlycNumTargetEarfcnDl,LoadBalancing_Handover_per_FA-InterS1OutSuccLbho,bigint,19,0
dbo,FactQHourlycNumTargetEarfcnDl,LoadBalancing_Handover_per_FA-LbhoOutFaCnt,bigint,19,0
dbo,FactQHourlycNumTargetEarfcnDl,LoadBalancing_Handover_per_FA-LbhoOutFaTargetEarfcnDl,bigint,19,0
