﻿dbo,FactQHourlycNumEstabCause,FactQHourlycNumEstabCauseKey,bigint,19,0
dbo,FactQHourlycNumEstabCause,DimDateKey,int,10,0
dbo,FactQHourlycNumEstabCause,DimQHourKey,int,10,0
dbo,FactQHourlycNumEstabCause,DimcNumKey,int,10,0
dbo,FactQHourlycNumEstabCause,DimEstabCauseKey,int,10,0
dbo,FactQHourlycNumEstabCause,ETLJobKey,bigint,19,0
dbo,FactQHourlycNumEstabCause,insertDate,datetime,NULL,NULL
dbo,FactQHourlycNumEstabCause,Call_Drop-CallDrop_ECCB_DSP_AUDIT_RLC_MAC_CALL_RELEASE,int,10,0
dbo,FactQHourlycNumEstabCause,Call_Drop-CallDrop_ECCB_RCV_RESET_REQUEST_FROM_ECMB,int,10,0
dbo,FactQHourlycNumEstabCause,Call_Drop-CallDrop_ECCB_RCV_CELL_RELEASE_IND_FROM_ECMB,int,10,0
dbo,FactQHourlycNumEstabCause,Call_Drop-CallDrop_ECCB_RADIO_LINK_FAILURE,int,10,0
dbo,FactQHourlycNumEstabCause,Call_Drop-CallDrop_ECCB_DSP_AUDIT_MAC_CALL_RELEASE,int,10,0
dbo,FactQHourlycNumEstabCause,Call_Drop-CallDrop_ECCB_ARQ_MAX_RE_TRANSMISSION,int,10,0
dbo,FactQHourlycNumEstabCause,Call_Drop-CallDrop_ECCB_DSP_AUDIT_RLC_CALL_RELEASE,int,10,0
dbo,FactQHourlycNumEstabCause,Call_Drop-CallDrop_ECCB_TMOUT_rrcConnectionReconfig,int,10,0
dbo,FactQHourlycNumEstabCause,Call_Drop-CallDrop_ECCB_TMOUT_rrcConnectionReEstablish,int,10,0
dbo,FactQHourlycNumEstabCause,Call_Drop-CallDrop_ECCB_S1_SCTP_OUT_OF_SERVICE,int,10,0
dbo,FactQHourlycNumEstabCause,Connection_Time-ConnSetupTime,decimal,12,4
dbo,FactQHourlycNumEstabCause,E_RAB_setup_time_Cause-EstabTime_CAUSE,int,10,0
dbo,FactQHourlycNumEstabCause,E_RAB_setup_time_Cause-EstabTimeMax_CAUSE,int,10,0
dbo,FactQHourlycNumEstabCause,E_RAB_setup_time_Cause-EstabTimeTot_CAUSE,int,10,0
dbo,FactQHourlycNumEstabCause,E_RAB_setup_time_Cause-EstabTimeCnt_CAUSE,int,10,0
dbo,FactQHourlycNumEstabCause,RRC_connection_establishments-ConnEstabAtt,int,10,0
dbo,FactQHourlycNumEstabCause,RRC_connection_establishments-ConnEstabSucc,int,10,0
dbo,FactQHourlycNumEstabCause,RRC_connection_establishments-ConnEstabFail_CP_CC_TO,int,10,0
dbo,FactQHourlycNumEstabCause,RRC_connection_establishments-ConnEstabFail_CP_CC_FAIL,int,10,0
dbo,FactQHourlycNumEstabCause,RRC_connection_establishments-ConnEstabFail_UP_MAC_FAIL,int,10,0
dbo,FactQHourlycNumEstabCause,RRC_connection_establishments-ConnEstabFail_UP_PDCP_FAIL,int,10,0
dbo,FactQHourlycNumEstabCause,RRC_connection_establishments-ConnEstabFail_UP_RLC_FAIL,int,10,0
dbo,FactQHourlycNumEstabCause,RRC_connection_establishments-ConnEstabFail_RRC_SIG_TO,int,10,0
dbo,FactQHourlycNumEstabCause,RRC_connection_establishments-ConnEstabFail_S1AP_LINK_FAIL,int,10,0
dbo,FactQHourlycNumEstabCause,RRC_connection_establishments-ConnEstabFail_S1AP_SIG_FAIL,int,10,0
dbo,FactQHourlycNumEstabCause,RRC_connection_establishments-ConnEstabReject_CP_CC_FAIL,int,10,0
dbo,FactQHourlycNumEstabCause,RRC_connection_establishments-ConnEstabReject_CP_CAPA_CAC_FAIL,int,10,0
dbo,FactQHourlycNumEstabCause,RRC_connection_establishments-ConnEstabReject_S1AP_MME_OVLD,int,10,0
dbo,FactQHourlycNumEstabCause,RRC_Connection_setup_time-ConnEstabTime,decimal,12,4
dbo,FactQHourlycNumEstabCause,RRC_Connection_setup_time-ConnEstabTimeMax,decimal,12,4
dbo,FactQHourlycNumEstabCause,RRC_Connection_setup_time-ConnEstabTimeTot,decimal,12,4
dbo,FactQHourlycNumEstabCause,RRC_Connection_setup_time-ConnEstabTimeCnt,int,10,0
dbo,FactQHourlycNumEstabCause,S1_Connection_Time-S1SigTime_Avg,decimal,12,4
dbo,FactQHourlycNumEstabCause,S1_Connection_Time-S1SigTime_Max,decimal,12,4
dbo,FactQHourlycNumEstabCause,S1_Connection_Time-S1SigTime_Tot_Old,decimal,12,4
dbo,FactQHourlycNumEstabCause,S1_Connection_Time-S1SigTime_Cnt,int,10,0
dbo,FactQHourlycNumEstabCause,UE_associated_logical_S1_connection_establishment-S1ConnEstabAtt,int,10,0
dbo,FactQHourlycNumEstabCause,UE_associated_logical_S1_connection_establishment-S1ConnEstabSucc,int,10,0
dbo,FactQHourlycNumEstabCause,UE_associated_logical_S1_connection_establishment-S1ConnEstabFail_CP_CC_FAIL,int,10,0
dbo,FactQHourlycNumEstabCause,UE_associated_logical_S1_connection_establishment-S1ConnEstabFail_S1AP_CU_FAIL,int,10,0
dbo,FactQHourlycNumEstabCause,UE_associated_logical_S1_connection_establishment-S1ConnEstabFail_S1AP_LINK_FAIL,int,10,0
dbo,FactQHourlycNumEstabCause,UE_associated_logical_S1_connection_establishment-S1ConnEstabFail_S1AP_SIG_FAIL,int,10,0
dbo,FactQHourlycNumEstabCause,UE_associated_logical_S1_connection_establishment-S1ConnEstabFail_S1AP_SIG_TO,int,10,0
dbo,FactQHourlycNumEstabCause,S1_Connection_Time-S1SigTime_Tot,decimal,17,4
dbo,FactQHourlycNumEstabCause,Dimdatekey_UTC,int,10,0
dbo,FactQHourlycNumEstabCause,DimQHourkey_UTC,int,10,0
